"C:/Users/James Robertson/Documents/Unreal Projects/AT_UE5_OWLS/AT_UE5_OWLS.uproject" 1
"../../../../../../Users/James Robertson/Documents/Unreal Projects/AT_UE5_OWLS/Binaries/Win64/UnrealEditor.modules" 2
"../../../Engine/Plugins/FastBuildController/FastBuildController.uplugin" 3
"../../../Engine/Plugins/AudioGameplay/AudioGameplay.uplugin" 4
"../../../Engine/Plugins/AudioGameplayVolume/AudioGameplayVolume.uplugin" 5
"../../../Engine/Plugins/FX/NiagaraFluids/NiagaraFluids.uplugin" 6
"../../../Engine/Plugins/Compression/OodleNetwork/OodleNetwork.uplugin" 7
"../../../Engine/Plugins/EnhancedInput/EnhancedInput.uplugin" 8
"../../../Engine/Plugins/Runtime/ActorLayerUtilities/ActorLayerUtilities.uplugin" 9
"../../../Engine/Plugins/JsonBlueprintUtilities/JsonBlueprintUtilities.uplugin" 10
"../../../Engine/Plugins/LightWeightInstancesEditor/LightWeightInstancesEditor.uplugin" 11
"../../../Engine/Plugins/TraceUtilities/TraceUtilities.uplugin" 12
"../../../Engine/Plugins/XGEController/XGEController.uplugin" 13
"../../../Engine/Plugins/BlueprintFileUtils/BlueprintFileUtils.uplugin" 14
"../../../Engine/Plugins/Bridge/Bridge.uplugin" 15
"../../../Engine/Plugins/FX/CascadeToNiagaraConverter/CascadeToNiagaraConverter.uplugin" 16
"../../../Engine/Plugins/Runtime/AndroidDeviceProfileSelector/AndroidDeviceProfileSelector.uplugin" 17
"../../../Engine/Plugins/Runtime/AndroidMoviePlayer/AndroidMoviePlayer.uplugin" 18
"../../../Engine/Plugins/Runtime/AndroidBackgroundService/AndroidBackgroundService.uplugin" 19
"../../../Engine/Plugins/Runtime/AndroidPermission/AndroidPermission.uplugin" 20
"../../../Engine/Plugins/Runtime/AnimationBudgetAllocator/AnimationBudgetAllocator.uplugin" 21
"../../../Engine/Plugins/Runtime/AppleImageUtils/AppleImageUtils.uplugin" 22
"../../../Engine/Plugins/Runtime/AppleMoviePlayer/AppleMoviePlayer.uplugin" 23
"../../../Engine/Plugins/Runtime/AudioMotorSim/AudioMotorSim.uplugin" 24
"../../../Engine/Plugins/Runtime/AssetTags/AssetTags.uplugin" 25
"../../../Engine/Plugins/RenderGraphInsights/RenderGraphInsights.uplugin" 26
"../../../Engine/Plugins/Runtime/AudioModulation/AudioModulation.uplugin" 27
"../../../Engine/Plugins/Runtime/AudioSynesthesia/AudioSynesthesia.uplugin" 28
"../../../Engine/Plugins/Runtime/ArchVisCharacter/ArchVisCharacter.uplugin" 29
"../../../Engine/Plugins/Runtime/ComputeFramework/ComputeFramework.uplugin" 30
"../../../Engine/Plugins/Runtime/CableComponent/CableComponent.uplugin" 31
"../../../Engine/Plugins/Runtime/ChunkDownloader/ChunkDownloader.uplugin" 32
"../../../Engine/Plugins/Runtime/DataRegistry/DataRegistry.uplugin" 33
"../../../Engine/Plugins/Runtime/ExampleDeviceProfileSelector/ExampleDeviceProfileSelector.uplugin" 34
"../../../Engine/Plugins/Runtime/GameplayAbilities/GameplayAbilities.uplugin" 35
"../../../Engine/Plugins/Runtime/GameplayBehaviorSmartObjects/GameplayBehaviorSmartObjects.uplugin" 36
"../../../Engine/Plugins/MeshPainting/MeshPainting.uplugin" 37
"../../../Engine/Plugins/Performance/PerformanceMonitor/PerformanceMonitor.uplugin" 38
"../../../Engine/Plugins/Runtime/GeometryCache/GeometryCache.uplugin" 39
"../../../Engine/Plugins/Runtime/CustomMeshComponent/CustomMeshComponent.uplugin" 40
"../../../Engine/Plugins/FX/Niagara/Niagara.uplugin" 41
"../../../Engine/Plugins/ScriptPlugin/ScriptPlugin.uplugin" 42
"../../../Engine/Plugins/Runtime/AudioWidgets/AudioWidgets.uplugin" 43
"../../../Engine/Plugins/Runtime/HDRIBackdrop/HDRIBackdrop.uplugin" 44
"../../../Engine/Plugins/Runtime/AudioCapture/AudioCapture.uplugin" 45
"../../../Engine/Plugins/Runtime/HairStrands/HairStrands.uplugin" 46
"../../../Engine/Plugins/Runtime/HPMotionController/HPMotionController.uplugin" 47
"../../../Engine/Plugins/Runtime/HTTPChunkInstaller/HTTPChunkInstaller.uplugin" 48
"../../../Engine/Plugins/Runtime/InputDebugging/InputDebugging.uplugin" 49
"../../../Engine/Plugins/Runtime/IOSReplayKit/IOSReplayKit.uplugin" 50
"../../../Engine/Plugins/Runtime/IOSDeviceProfileSelector/IOSDeviceProfileSelector.uplugin" 51
"../../../Engine/Plugins/Runtime/LinuxDeviceProfileSelector/LinuxDeviceProfileSelector.uplugin" 52
"../../../Engine/Plugins/Runtime/LocationServicesAndroidImpl/LocationServicesAndroidImpl.uplugin" 53
"../../../Engine/Plugins/Runtime/LocationServicesBPLibrary/LocationServicesBPLibrary.uplugin" 54
"../../../Engine/Plugins/Runtime/Firebase/Firebase.uplugin" 55
"../../../Engine/Plugins/Runtime/MassEntity/MassEntity.uplugin" 56
"../../../Engine/Plugins/Runtime/MassGameplay/MassGameplay.uplugin" 57
"../../../Engine/Plugins/Runtime/MeshModelingToolset/MeshModelingToolset.uplugin" 58
"../../../Engine/Plugins/Runtime/Metasound/Metasound.uplugin" 59
"../../../Engine/Plugins/Runtime/MicrosoftSpatialAudio/MicroSoftSpatialSound.uplugin" 60
"../../../Engine/Plugins/Runtime/MIDIDevice/MIDIDevice.uplugin" 61
"../../../Engine/Plugins/Runtime/MixedRealityCaptureFramework/MixedRealityCaptureFramework.uplugin" 62
"../../../Engine/Plugins/Runtime/GameplayInteractions/GameplayInteractions.uplugin" 63
"../../../Engine/Plugins/Runtime/MobilePatchingUtils/MobilePatchingUtils.uplugin" 64
"../../../Engine/Plugins/Runtime/nDisplayModularFeatures/nDisplayModularFeatures.uplugin" 65
"../../../Engine/Plugins/Runtime/NetworkPrediction/NetworkPrediction.uplugin" 66
"../../../Engine/Plugins/Runtime/nDisplay/nDisplay.uplugin" 67
"../../../Engine/Plugins/Runtime/NetworkPredictionExtras/NetworkPredictionExtras.uplugin" 68
"../../../Engine/Plugins/Runtime/GameplayStateTree/GameplayStateTree.uplugin" 69
"../../../Engine/Plugins/Runtime/GeometryProcessing/GeometryProcessing.uplugin" 70
"../../../Engine/Plugins/Runtime/AndroidFileServer/AndroidFileServer.uplugin" 71
"../../../Engine/Plugins/Runtime/OpenXREyeTracker/OpenXREyeTracker.uplugin" 72
"../../../Engine/Plugins/Runtime/OpenCV/OpenCV.uplugin" 73
"../../../Engine/Plugins/Runtime/OpenXRHandTracking/OpenXRHandTracking.uplugin" 74
"../../../Engine/Plugins/Runtime/OpenXRMsftHandInteraction/OpenXRMsftHandInteraction.uplugin" 75
"../../../Engine/Plugins/Runtime/OSC/OSC.uplugin" 76
"../../../Engine/Plugins/Runtime/OptionalMobileFeaturesBPLibrary/OptionalMobileFeaturesBPLibrary.uplugin" 77
"../../../Engine/Plugins/Runtime/MobileFSR/MobileFSR.uplugin" 78
"../../../Engine/Plugins/Runtime/PreLoadScreenMoviePlayer/PreLoadScreenMoviePlayer.uplugin" 79
"../../../Engine/Plugins/Runtime/ApexDestruction/ApexDestruction.uplugin" 80
"../../../Engine/Plugins/Runtime/ModelViewViewModel/ModelViewViewModel.uplugin" 81
"../../../Engine/Plugins/Runtime/ProceduralMeshComponent/ProceduralMeshComponent.uplugin" 82
"../../../Engine/Plugins/Runtime/RenderTrace/RenderTrace.uplugin" 83
"../../../Engine/Plugins/Runtime/ReplicationSystemTestPlugin/ReplicationSystemTestPlugin.uplugin" 84
"../../../Engine/Plugins/Runtime/SmartObjects/SmartObjects.uplugin" 85
"../../../Engine/Plugins/Runtime/SoundFields/SoundFields.uplugin" 86
"../../../Engine/Plugins/Runtime/OpenXR/OpenXR.uplugin" 87
"../../../Engine/Plugins/Runtime/NetworkPredictionInsights/NetworkPredictionInsights.uplugin" 88
"../../../Engine/Plugins/Runtime/Spatialization/Spatialization.uplugin" 89
"../../../Engine/Plugins/Runtime/ReplicationGraph/ReplicationGraph.uplugin" 90
"../../../Engine/Plugins/FX/ExampleCustomDataInterface/ExampleCustomDataInterface.uplugin" 91
"../../../Engine/Plugins/Runtime/ResonanceAudio/ResonanceAudio.uplugin" 92
"../../../Engine/Plugins/Runtime/SoundCueTemplates/SoundCueTemplates.uplugin" 93
"../../../Engine/Plugins/Runtime/OSCModulationMixing/OSCModulationMixing.uplugin" 94
"../../../Engine/Plugins/Runtime/SoundMod/SoundMod.uplugin" 95
"../../../Engine/Plugins/Runtime/LiveLinkOvernDisplay/LiveLinkOverNDisplay.uplugin" 96
"../../../Engine/Plugins/Runtime/StateTree/StateTree.uplugin" 97
"../../../Engine/Plugins/Runtime/PropertyAccess/PropertyAccessEditor.uplugin" 98
"../../../Engine/Plugins/Runtime/Synthesis/Synthesis.uplugin" 99
"../../../Engine/Plugins/Runtime/SunPosition/SunPosition.uplugin" 100
"../../../Engine/Plugins/Runtime/WarpUtils/WarpUtils.uplugin" 101
"../../../Engine/Plugins/Runtime/SoundUtilities/SoundUtilities.uplugin" 102
"../../../Engine/Plugins/FX/NiagaraSimCaching/NiagaraSimCaching.uplugin" 103
"../../../Engine/Plugins/Runtime/WebBrowserNativeProxy/WebBrowserNativeProxy.uplugin" 104
"../../../Engine/Plugins/Runtime/NavCorridor/NavCorridor.uplugin" 105
"../../../Engine/Plugins/Runtime/WebMMoviePlayer/WebMMoviePlayer.uplugin" 106
"../../../Engine/Plugins/Runtime/ZoneGraph/ZoneGraph.uplugin" 107
"../../../Engine/Plugins/Runtime/WindowsDeviceProfileSelector/WindowsDeviceProfileSelector.uplugin" 108
"../../../Engine/Plugins/Runtime/ZoneGraphAnnotations/ZoneGraphAnnotations.uplugin" 109
"../../../Engine/Plugins/Runtime/GoogleCloudMessaging/GoogleCloudMessaging.uplugin" 110
"../../../Engine/Plugins/Animation/AnimationWarping/AnimationWarping.uplugin" 111
"../../../Engine/Plugins/Runtime/WebBrowserWidget/WebBrowserWidget.uplugin" 112
"../../../Engine/Plugins/Animation/AnimationModifierLibrary/AnimationModifierLibrary.uplugin" 113
"../../../Engine/Plugins/Animation/AnimToTexture/AnimToTexture.uplugin" 114
"../../../Engine/Plugins/Animation/AnimationLocomotionLibrary/AnimationLocomotionLibrary.uplugin" 115
"../../../Engine/Plugins/Animation/IKRig/IKRig.uplugin" 116
"../../../Engine/Plugins/Animation/DeformerGraph/DeformerGraph.uplugin" 117
"../../../Engine/Plugins/Runtime/WindowsMoviePlayer/WindowsMoviePlayer.uplugin" 118
"../../../Engine/Plugins/Animation/GameplayInsights/GameplayInsights.uplugin" 119
"../../../Engine/Plugins/Marketplace/FastNoiseGenerator/FastNoiseGenerator.uplugin" 120
"../../../Engine/Plugins/Animation/RigLogic/RigLogic.uplugin" 121
"../../../Engine/Plugins/Animation/ControlRig/ControlRig.uplugin" 122
"../../../Engine/Plugins/Animation/ControlRigSpline/ControlRigSpline.uplugin" 123
"../../../Engine/Plugins/Runtime/GooglePAD/GooglePAD.uplugin" 124
"../../../Engine/Plugins/Animation/LiveLinkCurveDebugUI/LiveLinkCurveDebugUI.uplugin" 125
"../../../Engine/Plugins/Online/OnlineServices/OnlineServices.uplugin" 126
"../../../Engine/Plugins/Online/EOSShared/EOSShared.uplugin" 127
"../../../Engine/Plugins/Animation/MotionWarping/MotionWarping.uplugin" 128
"../../../Engine/Plugins/Online/OnlineServicesEOSGS/OnlineServicesEOSGS.uplugin" 129
"../../../Engine/Plugins/Animation/BlendSpaceMotionAnalysis/BlendSpaceMotionAnalysis.uplugin" 130
"../../../Engine/Plugins/Online/OnlineServicesOSSAdapter/OnlineServicesOSSAdapter.uplugin" 131
"../../../Engine/Plugins/Online/OnlineFramework/OnlineFramework.uplugin" 132
"../../../Engine/Plugins/Online/OnlineServicesEOS/OnlineServicesEOS.uplugin" 133
"../../../Engine/Plugins/Online/OnlineSubsystem/OnlineSubsystem.uplugin" 134
"../../../Engine/Plugins/Animation/LiveLink/LiveLink.uplugin" 135
"../../../Engine/Plugins/Online/OnlineSubsystemApple/OnlineSubsystemApple.uplugin" 136
"../../../Engine/Plugins/Online/OnlineSubsystemFacebook/OnlineSubsystemFacebook.uplugin" 137
"../../../Engine/Plugins/Online/OnlineBase/OnlineBase.uplugin" 138
"../../../Engine/Plugins/Online/OnlineServicesNull/OnlineServicesNull.uplugin" 139
"../../../Engine/Plugins/Online/OnlineSubsystemGoogle/OnlineSubsystemGoogle.uplugin" 140
"../../../Engine/Plugins/Online/OnlineSubsystemNull/OnlineSubsystemNull.uplugin" 141
"../../../Engine/Plugins/Online/SocketSubsystemEOS/SocketSubsystemEOS.uplugin" 142
"../../../Engine/Plugins/Runtime/Soundscape/Soundscape.uplugin" 143
"../../../Engine/Plugins/Online/WebAuth/WebAuth.uplugin" 144
"../../../Engine/Plugins/Online/OnlineSubsystemSteam/OnlineSubsystemSteam.uplugin" 145
"../../../Engine/Plugins/Online/OnlineSubsystemEOS/OnlineSubsystemEOS.uplugin" 146
"../../../Engine/Plugins/Cameras/GameplayCameras/GameplayCameras.uplugin" 147
"../../../Engine/Plugins/Online/OnlineSubsystemOculus/OnlineSubsystemOculus.uplugin" 148
"../../../Engine/Plugins/Protocols/MQTT/MQTT.uplugin" 149
"../../../Engine/Plugins/Cameras/CameraShakePreviewer/CameraShakePreviewer.uplugin" 150
"../../../Engine/Plugins/Developer/CLionSourceCodeAccess/CLionSourceCodeAccess.uplugin" 151
"../../../Engine/Plugins/Online/OnlineSubsystemUtils/OnlineSubsystemUtils.uplugin" 152
"../../../Engine/Plugins/Developer/AnimationSharing/AnimationSharing.uplugin" 153
"../../../Engine/Plugins/Developer/NullSourceCodeAccess/NullSourceCodeAccess.uplugin" 154
"../../../Engine/Plugins/Developer/OneSkyLocalizationService/OneSkyLocalizationService.uplugin" 155
"../../../Engine/Plugins/Online/OnlineSubsystemTencent/OnlineSubsystemTencent.uplugin" 156
"../../../Engine/Plugins/Online/OnlineSubsystemAmazon/OnlineSubsystemAmazon.uplugin" 157
"../../../Engine/Plugins/Developer/PlasticSourceControl/PlasticSourceControl.uplugin" 158
"../../../Engine/Plugins/Developer/PerforceSourceControl/PerforceSourceControl.uplugin" 159
"../../../Engine/Plugins/Developer/KDevelopSourceCodeAccess/KDevelopSourceCodeAccess.uplugin" 160
"../../../Engine/Plugins/Developer/PluginUtils/PluginUtils.uplugin" 161
"../../../Engine/Plugins/Developer/SubversionSourceControl/SubversionSourceControl.uplugin" 162
"../../../Engine/Plugins/Developer/TextureFormatOodle/TextureFormatOodle.uplugin" 163
"../../../Engine/Plugins/Developer/RenderDocPlugin/RenderDocPlugin.uplugin" 164
"../../../Engine/Plugins/Developer/DumpGPUServices/DumpGPUServices.uplugin" 165
"../../../Engine/Plugins/Developer/PropertyAccessNode/PropertyAccessNode.uplugin" 166
"../../../Engine/Plugins/AI/HTNPlanner/HTNPlanner.uplugin" 167
"../../../Engine/Plugins/Runtime/LocationServicesIOSImpl/LocationServicesIOSImpl.uplugin" 168
"../../../Engine/Plugins/Runtime/WaveTable/WaveTable.uplugin" 169
"../../../Engine/Plugins/Developer/XcodeGPUDebuggerPlugin/XcodeGPUDebuggerPlugin.uplugin" 170
"../../../Engine/Plugins/Developer/TraceDataFiltering/TraceDataFilters.uplugin" 171
"../../../Engine/Plugins/Developer/VisualStudioSourceCodeAccess/VisualStudioSourceCodeAccess.uplugin" 172
"../../../Engine/Plugins/Developer/XCodeSourceCodeAccess/XCodeSourceCodeAccess.uplugin" 173
"../../../Engine/Plugins/Developer/BlankPlugin/BlankPlugin.uplugin" 174
"../../../Engine/Plugins/Developer/RiderSourceCodeAccess/RiderSourceCodeAccess.uplugin" 175
"../../../Engine/Plugins/MovieScene/MoviePipelineMaskRenderPass/MoviePipelineMaskRenderPass.uplugin" 176
"../../../Engine/Plugins/AI/MassAI/MassAI.uplugin" 177
"../../../Engine/Plugins/Developer/UObjectPlugin/UObjectPlugin.uplugin" 178
"../../../Engine/Plugins/AI/AISupport/AISupport.uplugin" 179
"../../../Engine/Plugins/Web/HttpBlueprint/HttpBlueprint.uplugin" 180
"../../../Engine/Plugins/Developer/PixWinPlugin/PixWinPlugin.uplugin" 181
"../../../Engine/Plugins/MovieScene/TemplateSequence/TemplateSequence.uplugin" 182
"../../../Engine/Plugins/MovieScene/CustomizableSequencerTracks/CustomizableSequencerTracks.uplugin" 183
"../../../Engine/Plugins/Importers/AlembicHairImporter/AlembicHairImporter.uplugin" 184
"../../../Engine/Plugins/AI/MLAdapter/MLAdapter.uplugin" 185
"../../../Engine/Plugins/Importers/AlembicImporter/AlembicImporter.uplugin" 186
"../../../Engine/Plugins/Importers/USDImporter/USDImporter.uplugin" 187
"../../../Engine/Plugins/Compositing/LensDistortion/LensDistortion.uplugin" 188
"../../../Engine/Plugins/MovieScene/MovieRenderPipeline/MovieRenderPipeline.uplugin" 189
"../../../Engine/Plugins/Developer/VisualStudioCodeSourceCodeAccess/VisualStudioCodeSourceCodeAccess.uplugin" 190
"../../../Engine/Plugins/Compositing/OpenCVLensDistortion/OpenCVLensDistortion.uplugin" 191
"../../../Engine/Plugins/Media/AjaMedia/AjaMedia.uplugin" 192
"../../../Engine/Plugins/AI/MassCrowd/MassCrowd.uplugin" 193
"../../../Engine/Plugins/Compositing/Composure/Composure.uplugin" 194
"../../../Engine/Plugins/MovieScene/ReplayTracks/ReplayTracks.uplugin" 195
"../../../Engine/Plugins/AI/EnvironmentQueryEditor/EnvironmentQueryEditor.uplugin" 196
"../../../Engine/Plugins/Media/AndroidCamera/AndroidCamera.uplugin" 197
"../../../Engine/Plugins/Developer/CodeLiteSourceCodeAccess/CodeLiteSourceCodeAccess.uplugin" 198
"../../../Engine/Plugins/Media/AvfMedia/AvfMedia.uplugin" 199
"../../../Engine/Plugins/Media/AudioCaptureTimecodeProvider/AudioCaptureTimecodeProvider.uplugin" 200
"../../../Engine/Plugins/Runtime/GeoReferencing/GeoReferencing.uplugin" 201
"../../../Engine/Plugins/Importers/USDMultiUser/USDMultiUser.uplugin" 202
"../../../Engine/Plugins/Media/AvidDNxMedia/AvidDNxMedia.uplugin" 203
"../../../Engine/Plugins/Media/ElectraPlayer/ElectraPlayer.uplugin" 204
"../../../Engine/Plugins/Runtime/SignificanceManager/SignificanceManager.uplugin" 205
"../../../Engine/Plugins/Media/BinkMedia/BinkMedia.uplugin" 206
"../../../Engine/Plugins/Media/ElectraSubtitles/ElectraSubtitles.uplugin" 207
"../../../Engine/Plugins/Media/HardwareEncoders/HardwareEncoders.uplugin" 208
"../../../Engine/Plugins/Media/LinearTimecode/LinearTimecode.uplugin" 209
"../../../Engine/Plugins/Media/MediaFrameworkUtilities/MediaFrameworkUtilities.uplugin" 210
"../../../Engine/Plugins/Media/PixelCapture/PixelCapture.uplugin" 211
"../../../Engine/Plugins/MovieScene/ActorSequence/ActorSequence.uplugin" 212
"../../../Engine/Plugins/Portal/LauncherChunkInstaller/LauncherChunkInstaller.uplugin" 213
"../../../Engine/Plugins/Media/MediaIOFramework/MediaIOFramework.uplugin" 214
"../../../Engine/Plugins/Media/PixelStreaming/PixelStreaming.uplugin" 215
"../../../Engine/Plugins/Media/ElectraCDM/ElectraCDM.uplugin" 216
"../../../Engine/Plugins/Media/ElectraUtil/ElectraUtil.uplugin" 217
"../../../Engine/Plugins/Media/HLMedia/HLMedia.uplugin" 218
"../../../Engine/Plugins/Media/MediaCompositing/MediaCompositing.uplugin" 219
"../../../Engine/Plugins/Media/MediaPlate/MediaPlate.uplugin" 220
"../../../Engine/Plugins/Media/PixelStreamingPlayer/PixelStreamingPlayer.uplugin" 221
"../../../Engine/Plugins/Media/HAPMedia/HAPMedia.uplugin" 222
"../../../Engine/Plugins/Media/AndroidMedia/AndroidMedia.uplugin" 223
"../../../Engine/Plugins/Media/ImgMedia/ImgMedia.uplugin" 224
"../../../Engine/Plugins/Media/MediaMovieStreamer/MediaMovieStreamer.uplugin" 225
"../../../Engine/Plugins/Developer/TraceSourceFiltering/TraceSourceFilters.uplugin" 226
"../../../Engine/Plugins/Tests/EditorTests/EditorTests.uplugin" 227
"../../../Engine/Plugins/Media/AppleProResMedia/AppleProResMedia.uplugin" 228
"../../../Engine/Plugins/Tests/FunctionalTestingEditor/FunctionalTestingEditor.uplugin" 229
"../../../Engine/Plugins/Tests/FbxAutomationTestBuilder/FbxAutomationTestBuilder.uplugin" 230
"../../../Engine/Plugins/Media/WebMMedia/WebMMedia.uplugin" 231
"../../../Engine/Plugins/Tests/InterchangeTests/InterchangeTests.uplugin" 232
"../../../Engine/Plugins/Tests/PythonAutomationTest/PythonAutomationTest.uplugin" 233
"../../../Engine/Plugins/Tests/TestSamples/TestSamples.uplugin" 234
"../../../Engine/Plugins/Media/MfMedia/MfMedia.uplugin" 235
"../../../Engine/Plugins/Tests/RHITests/RHITests.uplugin" 236
"../../../Engine/Plugins/Editor/AssetRegistryExport/AssetRegistryExport.uplugin" 237
"../../../Engine/Plugins/Editor/AssetReferenceRestrictions/AssetReferenceRestrictions.uplugin" 238
"../../../Engine/Plugins/Tests/RuntimeTests/RuntimeTests.uplugin" 239
"../../../Engine/Plugins/Editor/AssetSearch/AssetSearch.uplugin" 240
"../../../Engine/Plugins/Tests/AutomationDriverTests/AutomationDriverTests.uplugin" 241
"../../../Engine/Plugins/Editor/AssetManagerEditor/AssetManagerEditor.uplugin" 242
"../../../Engine/Plugins/Editor/ConsoleVariablesEditor/ConsoleVariables.uplugin" 243
"../../../Engine/Plugins/Editor/GeometryMode/GeometryMode.uplugin" 244
"../../../Engine/Plugins/Editor/BlueprintMaterialTextureNodes/BlueprintMaterialTextureNodes.uplugin" 245
"../../../Engine/Plugins/Editor/CryptoKeys/CryptoKeys.uplugin" 246
"../../../Engine/Plugins/Editor/DisplayClusterLaunch/DisplayClusterLaunch.uplugin" 247
"../../../Engine/Plugins/Editor/MacGraphicsSwitching/MacGraphicsSwitching.uplugin" 248
"../../../Engine/Plugins/Editor/EditorDebugTools/EditorDebugTools.uplugin" 249
"../../../Engine/Plugins/Editor/GameplayTagsEditor/GameplayTagsEditor.uplugin" 250
"../../../Engine/Plugins/Media/WmfMedia/WmfMedia.uplugin" 251
"../../../Engine/Plugins/Editor/MakeCookedEditorAsDLC/MakeCookedEditorAsDLC.uplugin" 252
"../../../Engine/Plugins/Editor/MaterialAnalyzer/MaterialAnalyzer.uplugin" 253
"../../../Engine/Plugins/Editor/FacialAnimation/FacialAnimation.uplugin" 254
"../../../Engine/Plugins/Editor/BlueprintHeaderView/BlueprintHeaderView.uplugin" 255
"../../../Engine/Plugins/Editor/StylusInput/StylusInput.uplugin" 256
"../../../Engine/Plugins/Editor/MobileLauncherProfileWizard/MobileLauncherProfileWizard.uplugin" 257
"../../../Engine/Plugins/Editor/EditorScriptingUtilities/EditorScriptingUtilities.uplugin" 258
"../../../Engine/Plugins/Editor/SequencerAnimTools/SequencerAnimTools.uplugin" 259
"../../../Engine/Plugins/Editor/CurveEditorTools/CurveEditorTools.uplugin" 260
"../../../Engine/Plugins/Editor/WaveformEditor/WaveformEditor.uplugin" 261
"../../../Engine/Plugins/Editor/GLTFImporter/GLTFImporter.uplugin" 262
"../../../Engine/Plugins/Messaging/TcpMessaging/TcpMessaging.uplugin" 263
"../../../Engine/Plugins/Media/TimecodeSynchronizer/TimecodeSynchronizer.uplugin" 264
"../../../Engine/Plugins/Messaging/UdpMessaging/UdpMessaging.uplugin" 265
"../../../Engine/Plugins/Media/BlackmagicMedia/BlackmagicMedia.uplugin" 266
"../../../Engine/Plugins/Editor/SpeedTreeImporter/SpeedTreeImporter.uplugin" 267
"../../../Engine/Plugins/Editor/PluginBrowser/PluginBrowser.uplugin" 268
"../../../Engine/Plugins/Editor/ModelingToolsEditorMode/ModelingToolsEditorMode.uplugin" 269
"../../../Engine/Plugins/Editor/GuidedTutorials/GuidedTutorials.uplugin" 270
"../../../Engine/Plugins/Messaging/MessagingDebugger/MessagingDebugger.uplugin" 271
"../../../Engine/Plugins/Media/MediaPlayerEditor/MediaPlayerEditor.uplugin" 272
"../../../Engine/Plugins/NetcodeUnitTest/NetcodeUnitTest/NetcodeUnitTest.uplugin" 273
"../../../Engine/Plugins/VirtualProduction/CameraCalibration/CameraCalibration.uplugin" 274
"../../../Engine/Plugins/Slate/SlateInsights/SlateInsights.uplugin" 275
"../../../Engine/Plugins/Editor/DataValidation/DataValidation.uplugin" 276
"../../../Engine/Plugins/VirtualProduction/CameraCalibrationCore/CameraCalibrationCore.uplugin" 277
"../../../Engine/Plugins/VirtualProduction/CompositePlane/CompositePlane.uplugin" 278
"../../../Engine/Plugins/VirtualProduction/DataCharts/DataCharts.uplugin" 279
"../../../Engine/Plugins/Interchange/Editor/InterchangeEditor.uplugin" 280
"../../../Engine/Plugins/NetcodeUnitTest/NUTUnrealEngine/NUTUnrealEngine.uplugin" 281
"../../../Engine/Plugins/VirtualProduction/EpicStageApp/EpicStageApp.uplugin" 282
"../../../Engine/Plugins/VirtualProduction/ICVFX/ICVFX.uplugin" 283
"../../../Engine/Plugins/VirtualProduction/LiveLinkCamera/LiveLinkCamera.uplugin" 284
"../../../Engine/Plugins/Interchange/Runtime/Interchange.uplugin" 285
"../../../Engine/Plugins/VirtualProduction/LiveLinkXR/LiveLinkXR.uplugin" 286
"../../../Engine/Plugins/VirtualProduction/LiveLinkLens/LiveLinkLens.uplugin" 287
"../../../Engine/Plugins/VirtualProduction/LiveLinkMasterLockit/LiveLinkMasterLockit.uplugin" 288
"../../../Engine/Plugins/VirtualProduction/MultiUserTakes/MultiUserTakes.uplugin" 289
"../../../Engine/Plugins/VirtualProduction/RemoteControl/RemoteControl.uplugin" 290
"../../../Engine/Plugins/VirtualProduction/LiveLinkPrestonMDR/LiveLinkPrestonMDR.uplugin" 291
"../../../Engine/Plugins/VirtualProduction/RemoteControlInterception/RemoteControlInterception.uplugin" 292
"../../../Engine/Plugins/Editor/WorldPartitionHLODUtilities/WorldPartitionHLODUtilities.uplugin" 293
"../../../Engine/Plugins/VirtualProduction/RemoteControlProtocolMIDI/RemoteControlProtocolMIDI.uplugin" 294
"../../../Engine/Plugins/VirtualProduction/RemoteControlProtocolOSC/RemoteControlProtocolOSC.uplugin" 295
"../../../Engine/Plugins/VirtualProduction/RemoteControlWebInterface/RemoteControlWebInterface.uplugin" 296
"../../../Engine/Plugins/VirtualProduction/StageMonitoring/StageMonitoring.uplugin" 297
"../../../Engine/Plugins/VirtualProduction/Takes/Takes.uplugin" 298
"../../../Engine/Plugins/VirtualProduction/LevelSnapshots/LevelSnapshots.uplugin" 299
"../../../Engine/Plugins/VirtualProduction/LiveLinkFreeD/LiveLinkFreeD.uplugin" 300
"../../../Engine/Plugins/VirtualProduction/Switchboard/Switchboard.uplugin" 301
"../../../Engine/Plugins/VirtualProduction/TextureShare/TextureShare.uplugin" 302
"../../../Engine/Plugins/VirtualProduction/TimedDataMonitor/TimedDataMonitor.uplugin" 303
"../../../Engine/Plugins/Experimental/AbilitySystemGameFeatureActions/AbilitySystemGameFeatureActions.uplugin" 304
"../../../Engine/Plugins/Experimental/AutomationUtils/AutomationUtils.uplugin" 305
"../../../Engine/Plugins/Experimental/AppleVision/AppleVision.uplugin" 306
"../../../Engine/Plugins/VirtualProduction/LiveLinkVRPN/LiveLinkVRPN.uplugin" 307
"../../../Engine/Plugins/VirtualProduction/SequencerPlaylists/SequencerPlaylists.uplugin" 308
"../../../Engine/Plugins/VirtualProduction/RemoteControlProtocolDMX/RemoteControlProtocolDMX.uplugin" 309
"../../../Engine/Plugins/Experimental/ChaosSolverPlugin/ChaosSolverPlugin.uplugin" 310
"../../../Engine/Plugins/Experimental/BackChannel/BackChannel.uplugin" 311
"../../../Engine/Plugins/Experimental/ActorPalette/ActorPalette.uplugin" 312
"../../../Engine/Plugins/Experimental/BlueprintStats/BlueprintStats.uplugin" 313
"../../../Engine/Plugins/Experimental/ChaosClothEditor/ChaosClothEditor.uplugin" 314
"../../../Engine/Plugins/Experimental/BlueprintSnapNodes/BlueprintSnapNodes.uplugin" 315
"../../../Engine/Plugins/Experimental/ChaosCaching/ChaosCaching.uplugin" 316
"../../../Engine/Plugins/Experimental/AssetPlacementEdMode/AssetPlacementEdMode.uplugin" 317
"../../../Engine/Plugins/Experimental/ChaosNiagara/ChaosNiagara.uplugin" 318
"../../../Engine/Plugins/Experimental/CharacterAI/CharacterAI.uplugin" 319
"../../../Engine/Plugins/Experimental/CinematicPrestreaming/CinematicPrestreaming.uplugin" 320
"../../../Engine/Plugins/Experimental/CodeEditor/CodeEditor.uplugin" 321
"../../../Engine/Plugins/Experimental/CodeView/CodeView.uplugin" 322
"../../../Engine/Plugins/Experimental/ChaosEditor/ChaosEditor.uplugin" 323
"../../../Engine/Plugins/Experimental/ChaosUserDataPT/ChaosUserDataPT.uplugin" 324
"../../../Engine/Plugins/Experimental/CommonUI/CommonUI.uplugin" 325
"../../../Engine/Plugins/Experimental/ColorCorrectRegions/ColorCorrectRegions.uplugin" 326
"../../../Engine/Plugins/Experimental/DataInterfaceGraph/DataInterfaceGraph.uplugin" 327
"../../../Engine/Plugins/Experimental/CommonConversation/CommonConversation.uplugin" 328
"../../../Engine/Plugins/Experimental/ExampleAssetEditor/ExampleAssetEditor.uplugin" 329
"../../../Engine/Plugins/Experimental/Chooser/Chooser.uplugin" 330
"../../../Engine/Plugins/Experimental/DataInterface/DataInterface.uplugin" 331
"../../../Engine/Plugins/Experimental/FieldSystemPlugin/FieldSystemPlugin.uplugin" 332
"../../../Engine/Plugins/Developer/GitSourceControl/GitSourceControl.uplugin" 333
"../../../Engine/Plugins/Experimental/GameplayBehaviors/GameplayBehaviors.uplugin" 334
"../../../Engine/Plugins/Experimental/GameFeatures/GameFeatures.uplugin" 335
"../../../Engine/Plugins/Experimental/Gauntlet/Gauntlet.uplugin" 336
"../../../Engine/Plugins/Experimental/GeometryFlow/GeometryFlow.uplugin" 337
"../../../Engine/Plugins/MovieScene/LevelSequenceEditor/LevelSequenceEditor.uplugin" 338
"../../../Engine/Plugins/Experimental/GeometryScripting/GeometryScripting.uplugin" 339
"../../../Engine/Plugins/Experimental/GizmoFramework/GizmoFramework.uplugin" 340
"../../../Engine/Plugins/Compositing/OpenColorIO/OpenColorIO.uplugin" 341
"../../../Engine/Plugins/Experimental/GPULightmass/GPULightmass.uplugin" 342
"../../../Engine/Plugins/Experimental/HairModelingToolset/HairModelingToolset.uplugin" 343
"../../../Engine/Plugins/Experimental/FullBodyIK/FullBodyIK.uplugin" 344
"../../../Engine/Plugins/Experimental/GeometryCacheAbcFile/GeometryCacheAbcFile.uplugin" 345
"../../../Engine/Plugins/Experimental/ImagePlate/ImagePlate.uplugin" 346
"../../../Engine/Plugins/Experimental/JWT/JWT.uplugin" 347
"../../../Engine/Plugins/Experimental/ChaosVehiclesPlugin/ChaosVehiclesPlugin.uplugin" 348
"../../../Engine/Plugins/Experimental/ControlFlows/ControlFlows.uplugin" 349
"../../../Engine/Plugins/Experimental/ImpostorBaker/ImpostorBaker.uplugin" 350
"../../../Engine/Plugins/Experimental/LandscapePatch/LandscapePatch.uplugin" 351
"../../../Engine/Plugins/Experimental/Landmass/Landmass.uplugin" 352
"../../../Engine/Plugins/Experimental/GizmoEdMode/GizmoEdMode.uplugin" 353
"../../../Engine/Plugins/Experimental/MeshModelingToolsetExp/MeshModelingToolsetExp.uplugin" 354
"../../../Engine/Plugins/Experimental/LiveLinkControlRig/LiveLinkControlRig.uplugin" 355
"../../../Engine/Plugins/Experimental/LiveLinkFaceImporter/LiveLinkFaceImporter.uplugin" 356
"../../../Engine/Plugins/Experimental/MeshLODToolset/MeshLODToolset.uplugin" 357
"../../../Engine/Plugins/Experimental/ModularGameplay/ModularGameplay.uplugin" 358
"../../../Engine/Plugins/Experimental/DefaultInstallBundleManager/DefaultInstallBundleManager.uplugin" 359
"../../../Engine/Plugins/Experimental/MotorSimOutputMotoSynth/MotorSimOutputMotoSynth.uplugin" 360
"../../../Engine/Plugins/Experimental/NaniteDisplacedMesh/NaniteDisplacedMesh.uplugin" 361
"../../../Engine/Plugins/Experimental/MotoSynth/MotoSynth.uplugin" 362
"../../../Engine/Plugins/Experimental/GeometryCollectionPlugin/GeometryCollectionPlugin.uplugin" 363
"../../../Engine/Plugins/Experimental/Mutable/Mutable.uplugin" 364
"../../../Engine/Plugins/Experimental/OptiXDenoise/OptiXDenoise.uplugin" 365
"../../../Engine/Plugins/Experimental/PCG/PCG.uplugin" 366
"../../../Engine/Plugins/Experimental/OpenImageDenoise/OpenImageDenoise.uplugin" 367
"../../../Engine/Plugins/Experimental/NNI/NeuralNetworkInference.uplugin" 368
"../../../Engine/Plugins/Experimental/PanoramicCapture/PanoramicCapture.uplugin" 369
"../../../Engine/Plugins/Runtime/SkeletalMerging/SkeletalMerging.uplugin" 370
"../../../Engine/Plugins/Experimental/PlatformCrypto/PlatformCrypto.uplugin" 371
"../../../Engine/Plugins/Experimental/ProxyLODPlugin/ProxyLODPlugin.uplugin" 372
"../../../Engine/Plugins/Experimental/RawInput/RawInput.uplugin" 373
"../../../Engine/Plugins/Experimental/PhysicsControl/PhysicsControl.uplugin" 374
"../../../Engine/Plugins/Experimental/PythonScriptPlugin/PythonScriptPlugin.uplugin" 375
"../../../Engine/Plugins/Experimental/RemoteSession/RemoteSession.uplugin" 376
"../../../Engine/Plugins/Experimental/RenderGrid/RenderGrid.uplugin" 377
"../../../Engine/Plugins/Experimental/Iris/Iris.uplugin" 378
"../../../Engine/Plugins/Experimental/ScreenReader/ScreenReader.uplugin" 379
"../../../Engine/Plugins/Experimental/StaticMeshEditorModeling/StaticMeshEditorModeling.uplugin" 380
"../../../Engine/Plugins/Experimental/UIFramework/UIFramework.uplugin" 381
"../../../Engine/Plugins/Experimental/Dataflow/Dataflow.uplugin" 382
"../../../Engine/Plugins/Experimental/PlanarCutPlugin/PlanarCut.uplugin" 383
"../../../Engine/Plugins/Experimental/StructUtils/StructUtils.uplugin" 384
"../../../Engine/Plugins/Experimental/PythonFoundationPackages/PythonFoundationPackages.uplugin" 385
"../../../Engine/Plugins/Experimental/SlateScreenReader/SlateScreenReader.uplugin" 386
"../../../Engine/Plugins/Experimental/SampleToolsEditorMode/SampleToolsEditorMode.uplugin" 387
"../../../Engine/Plugins/Experimental/Text3D/Text3D.uplugin" 388
"../../../Engine/Plugins/Experimental/VirtualCamera/VirtualCamera.uplugin" 389
"../../../Engine/Plugins/Experimental/Volumetrics/Volumetrics.uplugin" 390
"../../../Engine/Plugins/Experimental/UVEditor/UVEditor.uplugin" 391
"../../../Engine/Plugins/Experimental/VirtualScouting/VirtualScouting.uplugin" 392
"../../../Engine/Plugins/Experimental/WaterExtras/WaterExtras.uplugin" 393
"../../../Engine/Plugins/Experimental/VirtualProductionUtilities/VirtualProductionUtilities.uplugin" 394
"../../../Engine/Plugins/Enterprise/AxFImporter/AxFImporter.uplugin" 395
"../../../Engine/Plugins/Experimental/VirtualHeightfieldMesh/VirtualHeightfieldMesh.uplugin" 396
"../../../Engine/Plugins/Experimental/Shotgrid/Shotgrid.uplugin" 397
"../../../Engine/Plugins/Experimental/WidgetEditorToolPalette/WidgetEditorToolPalette.uplugin" 398
"../../../Engine/Plugins/Experimental/WaveFunctionCollapse/WaveFunctionCollapse.uplugin" 399
"../../../Engine/Plugins/Enterprise/DataprepEditor/DataprepEditor.uplugin" 400
"../../../Engine/Plugins/Experimental/SkeletalReduction/SkeletalReduction.uplugin" 401
"../../../Engine/Plugins/Experimental/WebSocketNetworking/WebSocketNetworking.uplugin" 402
"../../../Engine/Plugins/Experimental/SimpleHMD/SimpleHMD.uplugin" 403
"../../../Engine/Plugins/Enterprise/DatasmithGLTFImporter/DatasmithGLTFImporter.uplugin" 404
"../../../Engine/Plugins/Experimental/TextToSpeech/TextToSpeech.uplugin" 405
"../../../Engine/Plugins/Enterprise/LidarPointCloud/LidarPointCloud.uplugin" 406
"../../../Engine/Plugins/Enterprise/DatasmithC4DImporter/DatasmithC4DImporter.uplugin" 407
"../../../Engine/Plugins/Enterprise/DatasmithIFCImporter/DatasmithIFCImporter.uplugin" 408
"../../../Engine/Plugins/Enterprise/DatasmithImporter/DatasmithImporter.uplugin" 409
"../../../Engine/Plugins/Enterprise/DatasmithCADImporter/DatasmithCADImporter.uplugin" 410
"../../../Engine/Plugins/Experimental/Water/Water.uplugin" 411
"../../../Engine/Plugins/MovieScene/SequencerScripting/SequencerScripting.uplugin" 412
"../../../Engine/Plugins/Enterprise/DatasmithFBXImporter/DatasmithFBXImporter.uplugin" 413
"../../../Engine/Plugins/Enterprise/MDLImporter/MDLImporter.uplugin" 414
"../../../Engine/Plugins/Enterprise/DatasmithContent/DatasmithContent.uplugin" 415
"../../../Engine/Plugins/2D/Paper2D/Paper2D.uplugin" 416
"../../../Engine/Plugins/Enterprise/VariantManagerContent/VariantManagerContent.uplugin" 417
"../../../Engine/Plugins/Enterprise/VariantManager/VariantManager.uplugin" 418
"../../../Engine/Plugins/Enterprise/GLTFExporter/GLTFExporter.uplugin" 419
"../../../Engine/Plugins/Experimental/ChaosCloth/ChaosCloth.uplugin" 420
"../../../Engine/Plugins/Editor/ObjectMixer/LightMixer/LightMixer.uplugin" 421
"../../../Engine/Plugins/Developer/Concert/ConcertMain/ConcertMain.uplugin" 422
"../../../Engine/Plugins/Online/VoiceChat/EOSVoiceChat/EOSVoiceChat.uplugin" 423
"../../../Engine/Plugins/Online/VoiceChat/VoiceChat/VoiceChat.uplugin" 424
"../../../Engine/Plugins/Experimental/Animation/ContextualAnimation/ContextualAnimation.uplugin" 425
"../../../Engine/Plugins/Editor/ObjectMixer/ObjectMixer/ObjectMixer.uplugin" 426
"../../../Engine/Plugins/Experimental/Animation/CurveExpression/CurveExpression.uplugin" 427
"../../../Engine/Plugins/Experimental/Animation/Optimus/Optimus.uplugin" 428
"../../../Engine/Plugins/Experimental/VirtualProduction/LedWallCalibration/LedWallCalibration.uplugin" 429
"../../../Engine/Plugins/Experimental/Enterprise/DatasmithRuntime/DatasmithRuntime.uplugin" 430
"../../../Engine/Plugins/Slate/SlateScripting/SlateScripting.uplugin" 431
"../../../Engine/Plugins/Online/Android/AndroidFetchBackgroundDownload/AndroidFetchBackgroundDownload.uplugin" 432
"../../../Engine/Plugins/Experimental/Animation/MotionTrajectory/MotionTrajectory.uplugin" 433
"../../../Engine/Plugins/Online/Android/OnlineSubsystemGooglePlay/OnlineSubsystemGooglePlay.uplugin" 434
"../../../Engine/Plugins/Experimental/Animation/PoseSearch/PoseSearch.uplugin" 435
"../../../Engine/Plugins/Runtime/Database/DatabaseSupport/DatabaseSupport.uplugin" 436
"../../../Engine/Plugins/Runtime/Database/RemoteDatabaseSupport/RemoteDatabaseSupport.uplugin" 437
"../../../Engine/Plugins/Experimental/Enterprise/DataprepGeometryOperations/DataprepGeometryOperations.uplugin" 438
"../../../Engine/Plugins/Runtime/Database/ADOSupport/ADOSupport.uplugin" 439
"../../../Engine/Plugins/VirtualProduction/DMX/DMXEngine/DMXEngine.uplugin" 440
"../../../Engine/Plugins/Runtime/Database/SQLiteSupport/SQLiteSupport.uplugin" 441
"../../../Engine/Plugins/VirtualProduction/DMX/DMXFixtures/DMXFixtures.uplugin" 442
"../../../Engine/Plugins/Experimental/Web/WebAPI/WebAPI.uplugin" 443
"../../../Engine/Plugins/Experimental/Enterprise/DatasmithInterchange/DatasmithInterchange.uplugin" 444
"../../../Engine/Plugins/VirtualProduction/DMX/DMXProtocol/DMXProtocol.uplugin" 445
"../../../Engine/Plugins/Runtime/Database/SQLiteCore/SQLiteCore.uplugin" 446
"../../../Engine/Plugins/VirtualProduction/DMX/DMXDisplayCluster/DMXDisplayCluster.uplugin" 447
"../../../Engine/Plugins/VirtualProduction/DMX/DatasmithMVR/DatasmithMVR.uplugin" 448
"../../../Engine/Plugins/VirtualProduction/DMX/DMXModularFeatures/DMXModularFeatures.uplugin" 449
"../../../Engine/Plugins/VirtualProduction/Rivermax/RivermaxMedia/RivermaxMedia.uplugin" 450
"../../../Engine/Plugins/Runtime/Windows/WinDualShock/WinDualShock.uplugin" 451
"../../../Engine/Plugins/Runtime/Advertising/IOSTapJoy/IOSTapJoy.uplugin" 452
"../../../Engine/Plugins/Animation/MLDeformer/MLDeformerFramework/MLDeformerFramework.uplugin" 453
"../../../Engine/Plugins/Runtime/Nvidia/Reflex/Reflex.uplugin" 454
"../../../Engine/Plugins/Animation/MLDeformer/NearestNeighborModel/NearestNeighborModel.uplugin" 455
"../../../Engine/Plugins/Runtime/Oculus/OculusAudio/OculusAudio.uplugin" 456
"../../../Engine/Plugins/VirtualProduction/DMX/DMXPixelMapping/DMXPixelMapping.uplugin" 457
"../../../Engine/Plugins/Animation/MLDeformer/VertexDeltaModel/VertexDeltaModel.uplugin" 458
"../../../Engine/Plugins/Runtime/PacketHandlers/AESGCMHandlerComponent/AESGCMHandlerComponent.uplugin" 459
"../../../Engine/Plugins/VirtualProduction/Rivermax/RivermaxCore/RivermaxCore.uplugin" 460
"../../../Engine/Plugins/Animation/MLDeformer/NeuralMorphModel/NeuralMorphModel.uplugin" 461
"../../../Engine/Plugins/Runtime/PacketHandlers/AESHandlerComponent/AESHandlerComponent.uplugin" 462
"../../../Engine/Plugins/Runtime/PacketHandlers/DTLSHandlerComponent/DTLSHandlerComponent.uplugin" 463
"../../../Engine/Plugins/Runtime/Steam/SteamController/SteamController.uplugin" 464
"../../../Engine/Plugins/Runtime/Oculus/OculusVR/OculusVR.uplugin" 465
"../../../Engine/Plugins/Runtime/Steam/SteamShared/SteamShared.uplugin" 466
"../../../Engine/Plugins/Runtime/Steam/SteamVR/SteamVR.uplugin" 467
"../../../Engine/Plugins/Runtime/Steam/SteamSockets/SteamSockets.uplugin" 468
"../../../Engine/Plugins/Runtime/Steam/SteamAudio/SteamAudio.uplugin" 469
"../../../Engine/Plugins/Editor/ContentBrowser/ContentBrowserAliasDataSoure/ContentBrowserAliasDataSource.uplugin" 470
"../../../Engine/Plugins/Editor/ContentBrowser/ContentBrowserFileDataSource/ContentBrowserFileDataSource.uplugin" 471
"../../../Engine/Plugins/Editor/ContentBrowser/ContentBrowserClassDataSource/ContentBrowserClassDataSource.uplugin" 472
"../../../Engine/Plugins/Editor/ContentBrowser/ContentBrowserAssetDataSource/ContentBrowserAssetDataSource.uplugin" 473
"../../../Engine/Plugins/Runtime/MeshReconstruction/DummyMeshReconstructor/DummyMeshReconstructor.uplugin" 474
"../../../Engine/Plugins/Online/IOS/OnlineSubsystemIOS/OnlineSubsystemIOS.uplugin" 475
"../../../Engine/Plugins/Runtime/Analytics/AnalyticsBlueprintLibrary/AnalyticsBlueprintLibrary.uplugin" 476
"../../../Engine/Plugins/Runtime/Analytics/Adjust/Adjust.uplugin" 477
"../../../Engine/Plugins/Runtime/Analytics/AnalyticsMulticast/AnalyticsMulticast.uplugin" 478
"../../../Engine/Plugins/Runtime/Analytics/FileLogging/FileLogging.uplugin" 479
"../../../Engine/Plugins/Runtime/AR/AzureSpatialAnchors/AzureSpatialAnchors.uplugin" 480
"../../../Engine/Plugins/Runtime/AR/AzureSpatialAnchorsForARKit/AzureSpatialAnchorsForARKit.uplugin" 481
"../../../Engine/Plugins/Runtime/XR/XRVisualization/XRVisualization.uplugin" 482
"../../../Engine/Plugins/Runtime/AR/AzureSpatialAnchorsForARCore/AzureSpatialAnchorsForARCore.uplugin" 483
"../../../Engine/Plugins/Runtime/Analytics/Flurry/Flurry.uplugin" 484
"../../../Engine/Plugins/Developer/Concert/ConcertApp/MultiUserClient/MultiUserClient.uplugin" 485
"../../../Engine/Plugins/Developer/Concert/ConcertApp/DisasterRecoveryClient/DisasterRecoveryClient.uplugin" 486
"../../../Engine/Plugins/Runtime/Nvidia/GeForceNOWWrapper/GeForceNOWWrapper.uplugin" 487
"../../../Engine/Plugins/Developer/Concert/ConcertApp/MultiUserServer/MultiUserServer.uplugin" 488
"../../../Engine/Plugins/Developer/Concert/ConcertSync/ConcertSyncTest/ConcertSyncTest.uplugin" 489
"../../../Engine/Plugins/Runtime/AR/ARUtilities/ARUtilities.uplugin" 490
"../../../Engine/Plugins/Developer/Concert/ConcertUI/ConcertSharedSlate/ConcertSharedSlate.uplugin" 491
"../../../Engine/Plugins/Developer/Concert/ConcertSync/ConcertSyncClient/ConcertSyncClient.uplugin" 492
"../../../Engine/Plugins/Developer/Concert/ConcertSync/ConcertSyncServer/ConcertSyncServer.uplugin" 493
"../../../Engine/Plugins/Runtime/AR/AppleAR/AppleARKit/AppleARKit.uplugin" 494
"../../../Engine/Plugins/Experimental/Animation/SkeletalMeshModelingTools/SkeletalMeshModelingTools.uplugin" 495
"../../../Engine/Plugins/Experimental/AR/PointCloud/PointCloud.uplugin" 496
"../../../Engine/Plugins/Runtime/AR/Google/GoogleARCore/GoogleARCore.uplugin" 497
"../../../Engine/Plugins/Runtime/AR/Google/GoogleARCoreServices/GoogleARCoreServices.uplugin" 498
"../../../Engine/Plugins/Developer/Concert/ConcertUI/ConcertClientSharedSlate/ConcertClientSharedSlate.uplugin" 499
"../../../Engine/Plugins/Runtime/AR/AppleAR/AppleARKitFaceSupport/AppleARKitFaceSupport.uplugin" 500
"../../../Engine/Plugins/Developer/Concert/ConcertSync/ConcertSyncCore/ConcertSyncCore.uplugin" 501
"../../../Engine/Platforms/HoloLens/Plugins/Media/MfMedia/MfMedia_HoloLens.uplugin" 502
"../../../Engine/Platforms/HoloLens/Plugins/Runtime/OpenXREyeTracker/OpenXREyeTracker_HoloLens.uplugin" 503
"../../../Engine/Platforms/HoloLens/Plugins/Runtime/OpenXRHandTracking/OpenXRHandTracking_HoloLens.uplugin" 504
"../../../Engine/Platforms/HoloLens/Plugins/Media/HLMedia/HLMedia_HoloLens.uplugin" 505
"../../../Engine/Platforms/HoloLens/Plugins/Online/OnlineServicesEOS/OnlineServicesEOS_HoloLens.uplugin" 506
"../../../Engine/Platforms/HoloLens/Plugins/Media/BinkMedia/BinkMedia_HoloLens.uplugin" 507
"../../../Engine/Platforms/HoloLens/Plugins/Runtime/GeoReferencing/GeoReferencing_HoloLens.uplugin" 508
"../../../Engine/Platforms/HoloLens/Plugins/Runtime/OpenXRMsftHandInteraction/OpenXRMsftHandInteraction_HoloLens.uplugin" 509
"../../../Engine/Platforms/HoloLens/Plugins/Compression/OodleNetwork/OodleNetwork_HoloLens.uplugin" 510
"../../../Engine/Platforms/HoloLens/Plugins/Runtime/AR/AzureSpatialAnchors/AzureSpatialAnchors_HoloLens.uplugin" 511
"../../../Engine/Platforms/HoloLens/Plugins/Online/OnlineServicesEOSGS/OnlineServicesEOSGS_HoloLens.uplugin" 512
"../../../Engine/Platforms/HoloLens/Plugins/Runtime/MicrosoftSpatialAudio/MicroSoftSpatialSound_HoloLens.uplugin" 513
"../../../Engine/Platforms/HoloLens/Plugins/Runtime/ApexDestruction/ApexDestruction_HoloLens.uplugin" 514
"../../../Engine/Platforms/HoloLens/Plugins/Runtime/OpenXR/OpenXR_HoloLens.uplugin" 515
"C:/Users/James Robertson/Documents/Unreal Projects/AT_UE5_OWLS/Plugins/Developer/RiderLink/RiderLink.uplugin" 516
"../../../Engine/Content/Internationalization/icudt64l/cnvalias.icu" 517
"../../../Engine/Content/Internationalization/icudt64l/res_index.res" 518
"../../../Engine/Content/Internationalization/icudt64l/plurals.res" 519
"../../../Engine/Content/Internationalization/icudt64l/lang/en_GB.res" 520
"../../../Engine/Content/Internationalization/icudt64l/lang/pool.res" 521
"../../../Engine/Content/Internationalization/icudt64l/lang/en_001.res" 522
"../../../Engine/Content/Internationalization/icudt64l/lang/en.res" 523
"../../../Engine/Content/Internationalization/icudt64l/lang/root.res" 524
"../../../Engine/Content/Internationalization/icudt64l/region/en_GB.res" 525
"../../../Engine/Content/Internationalization/icudt64l/region/pool.res" 526
"../../../Engine/Content/Internationalization/icudt64l/region/en.res" 527
"../../../Engine/Content/Internationalization/icudt64l/region/root.res" 528
"../../../Engine/Content/Internationalization/icudt64l/windowsZones.res" 529
"../../../Engine/Content/Internationalization/icudt64l/zoneinfo64.res" 530
"../../../Engine/Content/Internationalization/icudt64l/keyTypeData.res" 531
"../../../Engine/Content/Internationalization/icudt64l/timezoneTypes.res" 532
"../../../Engine/Content/Internationalization/icudt64l/likelySubtags.res" 533
"../../../Engine/Content/Internationalization/icudt64l/en_GB.res" 534
"../../../Engine/Content/Internationalization/icudt64l/pool.res" 535
"../../../Engine/Content/Internationalization/icudt64l/en_001.res" 536
"../../../Engine/Content/Internationalization/icudt64l/en.res" 537
"../../../Engine/Content/Internationalization/icudt64l/root.res" 538
"../../../Engine/Content/Internationalization/icudt64l/supplementalData.res" 539
"../../../Engine/Config/ConfigRedirects.ini" 540
"C:/Users/James Robertson/AppData/Local/UnrealEngine/5.1/Saved/Config/WindowsEditor/Manifest.ini" 541
"../../../Engine/Config/Base.ini" 542
"../../../Engine/Config/BaseEngine.ini" 543
"../../../../../../Users/James Robertson/Documents/Unreal Projects/AT_UE5_OWLS/Config/DefaultEngine.ini" 544
"../../../Engine/Config/Linux/BaseLinuxEngine.ini" 545
"../../../Engine/Config/HoloLens/HoloLensEngine.ini" 546
"../../../Engine/Config/Mac/BaseMacEngine.ini" 547
"../../../Engine/Config/IOS/BaseIOSEngine.ini" 548
"../../../Engine/Config/Windows/BaseWindowsEngine.ini" 549
"../../../Engine/Config/Android/BaseAndroidEngine.ini" 550
"../../../../../../Users/James Robertson/Documents/Unreal Projects/AT_UE5_OWLS/Platforms/HoloLens/Config/HoloLensEngine.ini" 551
"../../../Engine/Config/Unix/UnixEngine.ini" 552
"../../../Engine/Config/Mac/MacEngine.ini" 553
"../../../Engine/Config/Android/AndroidEngine.ini" 554
"../../../Engine/Config/IOS/IOSEngine.ini" 555
"../../../Engine/Config/Linux/LinuxEngine.ini" 556
"../../../Engine/Config/Windows/WindowsEngine.ini" 557
"../../../Engine/Config/TVOS/TVOSEngine.ini" 558
"../../../Engine/Config/LinuxArm64/LinuxArm64Engine.ini" 559
"../../../Engine/Config/BaseGame.ini" 560
"../../../../../../Users/James Robertson/Documents/Unreal Projects/AT_UE5_OWLS/Config/DefaultGame.ini" 561
"../../../Engine/Config/HoloLens/HoloLensGame.ini" 562
"C:/Users/James Robertson/Documents/Unreal Projects/AT_UE5_OWLS/Saved/Config/WindowsEditor/Engine.ini" 563
"../../../Engine/Config/Mac/MacGame.ini" 564
"../../../Engine/Config/Android/BaseAndroidGame.ini" 565
"../../../Engine/Config/IOS/BaseIOSGame.ini" 566
"../../../Engine/Config/BaseInput.ini" 567
"../../../Engine/Config/IOS/IOSGame.ini" 568
"../../../../../../Users/James Robertson/Documents/Unreal Projects/AT_UE5_OWLS/Config/DefaultInput.ini" 569
"../../../Engine/Config/Windows/WindowsGame.ini" 570
"../../../Engine/Config/BaseDeviceProfiles.ini" 571
"../../../Engine/Config/Linux/LinuxGame.ini" 572
"../../../Engine/Config/BaseGameUserSettings.ini" 573
"../../../Engine/Config/BaseScalability.ini" 574
"C:/Users/James Robertson/Documents/Unreal Projects/AT_UE5_OWLS/Saved/Config/WindowsEditor/Input.ini" 575
"../../../Engine/Config/BaseRuntimeOptions.ini" 576
"../../../Engine/Config/IOS/IOSScalability.ini" 577
"../../../Engine/Config/BaseInstallBundle.ini" 578
"../../../Engine/Config/Android/AndroidScalability.ini" 579
"C:/Users/James Robertson/Documents/Unreal Projects/AT_UE5_OWLS/Saved/Config/WindowsEditor/DeviceProfiles.ini" 580
"../../../Engine/Config/BaseHardware.ini" 581
"C:/Users/James Robertson/Documents/Unreal Projects/AT_UE5_OWLS/Saved/Config/WindowsEditor/GameUserSettings.ini" 582
"C:/Users/James Robertson/Documents/Unreal Projects/AT_UE5_OWLS/Saved/Config/WindowsEditor/Scalability.ini" 583
"C:/Users/James Robertson/Documents/Unreal Projects/AT_UE5_OWLS/Saved/Config/WindowsEditor/RuntimeOptions.ini" 584
"C:/Users/James Robertson/Documents/Unreal Projects/AT_UE5_OWLS/Saved/Config/WindowsEditor/Hardware.ini" 585
"../../../Engine/Config/BaseCompat.ini" 586
"C:/Users/James Robertson/Documents/Unreal Projects/AT_UE5_OWLS/Saved/Config/WindowsEditor/Compat.ini" 587
"../../../Engine/Config/BaseLightmass.ini" 588
"C:/Users/James Robertson/Documents/Unreal Projects/AT_UE5_OWLS/Saved/Config/WindowsEditor/Lightmass.ini" 589
"../../../Engine/Config/BaseEditor.ini" 590
"../../../../../../Users/James Robertson/Documents/Unreal Projects/AT_UE5_OWLS/Config/DefaultEditor.ini" 591
"C:/Users/James Robertson/Documents/Unreal Projects/AT_UE5_OWLS/Saved/Config/WindowsEditor/Editor.ini" 592
"../../../Engine/Config/BaseEditorPerProjectUserSettings.ini" 593
"../../../../../../Users/James Robertson/Documents/Unreal Projects/AT_UE5_OWLS/Config/DefaultEditorPerProjectUserSettings.ini" 594
"../../../Engine/Config/Windows/WindowsEditorPerProjectUserSettings.ini" 595
"C:/Users/James Robertson/Documents/Unreal Projects/AT_UE5_OWLS/Saved/Config/WindowsEditor/EditorPerProjectUserSettings.ini" 596
"../../../Engine/Config/BaseEditorSettings.ini" 597
"C:/Users/James Robertson/AppData/Local/UnrealEngine/5.1/Saved/Config/WindowsEditor/EditorSettings.ini" 598
"../../../Engine/Config/BaseEditorKeyBindings.ini" 599
"C:/Users/James Robertson/AppData/Local/UnrealEngine/5.1/Saved/Config/WindowsEditor/EditorKeyBindings.ini" 600
"C:/Users/James Robertson/AppData/Local/UnrealEngine/5.1/Saved/Config/WindowsEditor/EditorLayout.ini" 601
"../../../../../../Users/James Robertson/Documents/Unreal Projects/AT_UE5_OWLS/Binaries/Win64/AT_UE5_OWLS.target" 602
"../../../../../../Users/James Robertson/Documents/Unreal Projects/AT_UE5_OWLS/Binaries/Win64/AT_UE5_OWLSEditor-Win64-DebugGame.target" 603
"../../../../../../Users/James Robertson/Documents/Unreal Projects/AT_UE5_OWLS/Binaries/Win64/AT_UE5_OWLSEditor.target" 604
"../../../Engine/Plugins/EnhancedInput/Config/BaseEnhancedInput.ini" 605
"C:/Users/James Robertson/Documents/Unreal Projects/AT_UE5_OWLS/Saved/Config/WindowsEditor/EnhancedInput.ini" 606
"../../../Engine/Plugins/FX/Niagara/Config/BaseNiagara.ini" 607
"C:/Users/James Robertson/Documents/Unreal Projects/AT_UE5_OWLS/Saved/Config/WindowsEditor/Niagara.ini" 608
"../../../Engine/Plugins/Runtime/Metasound/Config/BaseMetasound.ini" 609
"C:/Users/James Robertson/Documents/Unreal Projects/AT_UE5_OWLS/Saved/Config/WindowsEditor/Metasound.ini" 610
"../../../Engine/Plugins/Runtime/Synthesis/Config/BaseSynthesis.ini" 611
"C:/Users/James Robertson/Documents/Unreal Projects/AT_UE5_OWLS/Saved/Config/WindowsEditor/Synthesis.ini" 612
"../../../Engine/Plugins/Animation/ControlRig/Config/BaseControlRig.ini" 613
"C:/Users/James Robertson/Documents/Unreal Projects/AT_UE5_OWLS/Saved/Config/WindowsEditor/ControlRig.ini" 614
"../../../Engine/Plugins/Animation/IKRig/Config/BaseIKRig.ini" 615
"../../../Engine/Plugins/Developer/TraceDataFiltering/Config/BaseTraceDataFilters.ini" 616
"C:/Users/James Robertson/Documents/Unreal Projects/AT_UE5_OWLS/Saved/Config/WindowsEditor/TraceDataFilters.ini" 617
"../../../Engine/Plugins/Editor/EditorScriptingUtilities/Config/BaseEditorScriptingUtilities.ini" 618
"C:/Users/James Robertson/Documents/Unreal Projects/AT_UE5_OWLS/Saved/Config/WindowsEditor/EditorScriptingUtilities.ini" 619
"../../../Engine/Plugins/Interchange/Runtime/Config/BaseInterchange.ini" 620
"C:/Users/James Robertson/Documents/Unreal Projects/AT_UE5_OWLS/Saved/Config/WindowsEditor/Interchange.ini" 621
"../../../Engine/Plugins/Interchange/Runtime/Config/Game.ini" 622
"../../../Engine/Plugins/Experimental/FullBodyIK/Config/BaseFullBodyIK.ini" 623
"C:/Users/James Robertson/Documents/Unreal Projects/AT_UE5_OWLS/Saved/Config/WindowsEditor/FullBodyIK.ini" 624
"../../../Engine/Plugins/Enterprise/DatasmithContent/Config/BaseDatasmithContent.ini" 625
"C:/Users/James Robertson/Documents/Unreal Projects/AT_UE5_OWLS/Saved/Config/WindowsEditor/DatasmithContent.ini" 626
"../../../Engine/Plugins/Enterprise/GLTFExporter/Config/BaseGLTFExporter.ini" 627
"../../../Engine/Plugins/Enterprise/GLTFExporter/Config/DefaultGLTFExporter.ini" 628
"C:/Users/James Robertson/Documents/Unreal Projects/AT_UE5_OWLS/Saved/Config/WindowsEditor/GLTFExporter.ini" 629
"../../../Engine/Plugins/2D/Paper2D/Config/BasePaper2D.ini" 630
"C:/Users/James Robertson/Documents/Unreal Projects/AT_UE5_OWLS/Saved/Config/WindowsEditor/Paper2D.ini" 631
"../../../Engine/Plugins/Enterprise/VariantManagerContent/Config/BaseVariantManagerContent.ini" 632
"C:/Users/James Robertson/Documents/Unreal Projects/AT_UE5_OWLS/Saved/Config/WindowsEditor/VariantManagerContent.ini" 633
"../../../Engine/Plugins/Editor/ModelingToolsEditorMode/Binaries/Win64/UnrealEditor.modules" 634
"../../../Engine/Plugins/Runtime/MeshModelingToolset/Binaries/Win64/UnrealEditor.modules" 635
"../../../Engine/Plugins/Experimental/MeshModelingToolsetExp/Binaries/Win64/UnrealEditor.modules" 636
"../../../Engine/Plugins/Experimental/MeshLODToolset/Binaries/Win64/UnrealEditor.modules" 637
"../../../Engine/Plugins/Editor/StylusInput/Binaries/Win64/UnrealEditor.modules" 638
"../../../Engine/Plugins/Runtime/GeometryProcessing/Binaries/Win64/UnrealEditor.modules" 639
"../../../Engine/Plugins/Experimental/ProxyLODPlugin/Binaries/Win64/UnrealEditor.modules" 640
"../../../Engine/Plugins/Experimental/GeometryFlow/Binaries/Win64/UnrealEditor.modules" 641
"../../../Engine/Plugins/Editor/EditorScriptingUtilities/Binaries/Win64/UnrealEditor.modules" 642
"../../../Engine/Plugins/Marketplace/FastNoiseGenerator/Binaries/Win64/UnrealEditor.modules" 643
"../../../Engine/Plugins/Bridge/Binaries/Win64/UnrealEditor.modules" 644
"../../../Engine/Plugins/EnhancedInput/Binaries/Win64/UnrealEditor.modules" 645
"../../../Engine/Plugins/FastBuildController/Binaries/Win64/UnrealEditor.modules" 646
"../../../Engine/Plugins/MeshPainting/Binaries/Win64/UnrealEditor.modules" 647
"../../../Engine/Plugins/Interchange/Editor/Binaries/Win64/UnrealEditor.modules" 648
"../../../Engine/Plugins/Interchange/Runtime/Binaries/Win64/UnrealEditor.modules" 649
"../../../Engine/Plugins/Editor/GLTFImporter/Binaries/Win64/UnrealEditor.modules" 650
"../../../Engine/Plugins/Enterprise/VariantManagerContent/Binaries/Win64/UnrealEditor.modules" 651
"../../../Engine/Plugins/Enterprise/VariantManager/Binaries/Win64/UnrealEditor.modules" 652
"../../../Engine/Plugins/XGEController/Binaries/Win64/UnrealEditor.modules" 653
"../../../Engine/Plugins/TraceUtilities/Binaries/Win64/UnrealEditor.modules" 654
"../../../Engine/Plugins/Compression/OodleNetwork/Binaries/Win64/UnrealEditor.modules" 655
"../../../Engine/Plugins/FX/Niagara/Binaries/Win64/UnrealEditor.modules" 656
"../../../Engine/Plugins/Experimental/PythonScriptPlugin/Binaries/Win64/UnrealEditor.modules" 657
"../../../Engine/Plugins/Editor/ContentBrowser/ContentBrowserFileDataSource/Binaries/Win64/UnrealEditor.modules" 658
"../../../Engine/Plugins/Runtime/ActorLayerUtilities/Binaries/Win64/UnrealEditor.modules" 659
"../../../Engine/Plugins/Runtime/AndroidDeviceProfileSelector/Binaries/Win64/UnrealEditor.modules" 660
"../../../Engine/Plugins/Runtime/AndroidFileServer/Binaries/Win64/UnrealEditor.modules" 661
"../../../Engine/Plugins/Runtime/AndroidPermission/Binaries/Win64/UnrealEditor.modules" 662
"../../../Engine/Plugins/Runtime/AppleImageUtils/Binaries/Win64/UnrealEditor.modules" 663
"../../../Engine/Plugins/Runtime/AssetTags/Binaries/Win64/UnrealEditor.modules" 664
"../../../Engine/Plugins/Runtime/AudioCapture/Binaries/Win64/UnrealEditor.modules" 665
"../../../Engine/Plugins/Runtime/ArchVisCharacter/Binaries/Win64/UnrealEditor.modules" 666
"../../../Engine/Plugins/Runtime/CableComponent/Binaries/Win64/UnrealEditor.modules" 667
"../../../Engine/Plugins/Runtime/ChunkDownloader/Binaries/Win64/UnrealEditor.modules" 668
"../../../Engine/Plugins/Runtime/ExampleDeviceProfileSelector/Binaries/Win64/UnrealEditor.modules" 669
"../../../Engine/Plugins/Runtime/CustomMeshComponent/Binaries/Win64/UnrealEditor.modules" 670
"../../../Engine/Plugins/Runtime/GeometryCache/Binaries/Win64/UnrealEditor.modules" 671
"../../../Engine/Plugins/Runtime/GooglePAD/Binaries/Win64/UnrealEditor.modules" 672
"../../../Engine/Plugins/Runtime/InputDebugging/Binaries/Win64/UnrealEditor.modules" 673
"../../../Engine/Plugins/Runtime/LocationServicesBPLibrary/Binaries/Win64/UnrealEditor.modules" 674
"../../../Engine/Plugins/Runtime/Metasound/Binaries/Win64/UnrealEditor.modules" 675
"../../../Engine/Plugins/Runtime/AudioWidgets/Binaries/Win64/UnrealEditor.modules" 676
"../../../Engine/Plugins/Runtime/AudioSynesthesia/Binaries/Win64/UnrealEditor.modules" 677
"../../../Engine/Plugins/Runtime/WaveTable/Binaries/Win64/UnrealEditor.modules" 678
"../../../Engine/Plugins/Runtime/MobilePatchingUtils/Binaries/Win64/UnrealEditor.modules" 679
"../../../Engine/Plugins/Runtime/ProceduralMeshComponent/Binaries/Win64/UnrealEditor.modules" 680
"../../../Engine/Plugins/Runtime/ResonanceAudio/Binaries/Win64/UnrealEditor.modules" 681
"../../../Engine/Plugins/Runtime/SoundFields/Binaries/Win64/UnrealEditor.modules" 682
"../../../Engine/Plugins/Runtime/PropertyAccess/Binaries/Win64/UnrealEditor.modules" 683
"../../../Engine/Plugins/Runtime/Synthesis/Binaries/Win64/UnrealEditor.modules" 684
"../../../Engine/Plugins/Runtime/WebMMoviePlayer/Binaries/Win64/UnrealEditor.modules" 685
"../../../Engine/Plugins/Media/WebMMedia/Binaries/Win64/UnrealEditor.modules" 686
"../../../Engine/Plugins/Runtime/WindowsDeviceProfileSelector/Binaries/Win64/UnrealEditor.modules" 687
"../../../Engine/Plugins/Runtime/WindowsMoviePlayer/Binaries/Win64/UnrealEditor.modules" 688
"../../../Engine/Plugins/Animation/AnimationModifierLibrary/Binaries/Win64/UnrealEditor.modules" 689
"../../../Engine/Plugins/Animation/BlendSpaceMotionAnalysis/Binaries/Win64/UnrealEditor.modules" 690
"../../../Engine/Plugins/Animation/ControlRig/Binaries/Win64/UnrealEditor.modules" 691
"../../../Engine/Plugins/MovieScene/LevelSequenceEditor/Binaries/Win64/UnrealEditor.modules" 692
"../../../Engine/Plugins/MovieScene/SequencerScripting/Binaries/Win64/UnrealEditor.modules" 693
"../../../Engine/Plugins/Animation/ControlRigSpline/Binaries/Win64/UnrealEditor.modules" 694
"../../../Engine/Plugins/Animation/IKRig/Binaries/Win64/UnrealEditor.modules" 695
"../../../Engine/Plugins/Experimental/FullBodyIK/Binaries/Win64/UnrealEditor.modules" 696
"../../../Engine/Plugins/Online/OnlineBase/Binaries/Win64/UnrealEditor.modules" 697
"../../../Engine/Plugins/Online/OnlineSubsystem/Binaries/Win64/UnrealEditor.modules" 698
"../../../Engine/Plugins/Online/OnlineSubsystemNull/Binaries/Win64/UnrealEditor.modules" 699
"../../../Engine/Plugins/Online/OnlineSubsystemUtils/Binaries/Win64/UnrealEditor.modules" 700
"../../../Engine/Plugins/Online/OnlineServices/Binaries/Win64/UnrealEditor.modules" 701
"../../../Engine/Plugins/Cameras/GameplayCameras/Binaries/Win64/UnrealEditor.modules" 702
"../../../Engine/Plugins/MovieScene/TemplateSequence/Binaries/Win64/UnrealEditor.modules" 703
"../../../Engine/Plugins/Cameras/CameraShakePreviewer/Binaries/Win64/UnrealEditor.modules" 704
"../../../Engine/Plugins/Developer/AnimationSharing/Binaries/Win64/UnrealEditor.modules" 705
"../../../Engine/Plugins/Runtime/SignificanceManager/Binaries/Win64/UnrealEditor.modules" 706
"../../../Engine/Plugins/Developer/CLionSourceCodeAccess/Binaries/Win64/UnrealEditor.modules" 707
"../../../Engine/Plugins/Developer/DumpGPUServices/Binaries/Win64/UnrealEditor.modules" 708
"../../../Engine/Plugins/Developer/PerforceSourceControl/Binaries/Win64/UnrealEditor.modules" 709
"../../../Engine/Plugins/Developer/PluginUtils/Binaries/Win64/UnrealEditor.modules" 710
"../../../Engine/Plugins/Developer/PlasticSourceControl/Binaries/Win64/UnrealEditor.modules" 711
"../../../Engine/Plugins/Developer/RiderSourceCodeAccess/Binaries/Win64/UnrealEditor.modules" 712
"../../../Engine/Plugins/Developer/SubversionSourceControl/Binaries/Win64/UnrealEditor.modules" 713
"../../../Engine/Plugins/Developer/PropertyAccessNode/Binaries/Win64/UnrealEditor.modules" 714
"../../../Engine/Plugins/Developer/PixWinPlugin/Binaries/Win64/UnrealEditor.modules" 715
"../../../Engine/Plugins/Developer/TextureFormatOodle/Binaries/Win64/UnrealEditor.modules" 716
"../../../Engine/Plugins/Developer/TraceDataFiltering/Binaries/Win64/UnrealEditor.modules" 717
"../../../Engine/Plugins/Developer/VisualStudioSourceCodeAccess/Binaries/Win64/UnrealEditor.modules" 718
"../../../Engine/Plugins/AI/AISupport/Binaries/Win64/UnrealEditor.modules" 719
"../../../Engine/Plugins/Developer/UObjectPlugin/Binaries/Win64/UnrealEditor.modules" 720
"../../../Engine/Plugins/AI/EnvironmentQueryEditor/Binaries/Win64/UnrealEditor.modules" 721
"../../../Engine/Plugins/MovieScene/ActorSequence/Binaries/Win64/UnrealEditor.modules" 722
"../../../Engine/Plugins/Developer/VisualStudioCodeSourceCodeAccess/Binaries/Win64/UnrealEditor.modules" 723
"../../../Engine/Plugins/Importers/AlembicImporter/Binaries/Win64/UnrealEditor.modules" 724
"../../../Engine/Plugins/Portal/LauncherChunkInstaller/Binaries/Win64/UnrealEditor.modules" 725
"../../../Engine/Plugins/Media/AndroidMedia/Binaries/Win64/UnrealEditor.modules" 726
"../../../Engine/Plugins/Media/AvfMedia/Binaries/Win64/UnrealEditor.modules" 727
"../../../Engine/Plugins/Media/MediaPlate/Binaries/Win64/UnrealEditor.modules" 728
"../../../Engine/Plugins/Media/MediaCompositing/Binaries/Win64/UnrealEditor.modules" 729
"../../../Engine/Plugins/Media/MediaPlayerEditor/Binaries/Win64/UnrealEditor.modules" 730
"../../../Engine/Plugins/Media/ImgMedia/Binaries/Win64/UnrealEditor.modules" 731
"../../../Engine/Plugins/Media/WmfMedia/Binaries/Win64/UnrealEditor.modules" 732
"../../../Engine/Plugins/Tests/InterchangeTests/Binaries/Win64/UnrealEditor.modules" 733
"../../../Engine/Plugins/Editor/AssetManagerEditor/Binaries/Win64/UnrealEditor.modules" 734
"../../../Engine/Plugins/Editor/BlueprintHeaderView/Binaries/Win64/UnrealEditor.modules" 735
"../../../Engine/Plugins/Editor/DataValidation/Binaries/Win64/UnrealEditor.modules" 736
"../../../Engine/Plugins/Editor/CryptoKeys/Binaries/Win64/UnrealEditor.modules" 737
"../../../Engine/Plugins/Editor/EditorDebugTools/Binaries/Win64/UnrealEditor.modules" 738
"../../../Engine/Plugins/Editor/CurveEditorTools/Binaries/Win64/UnrealEditor.modules" 739
"../../../Engine/Plugins/Editor/GameplayTagsEditor/Binaries/Win64/UnrealEditor.modules" 740
"../../../Engine/Plugins/Editor/GeometryMode/Binaries/Win64/UnrealEditor.modules" 741
"../../../Engine/Plugins/Editor/MaterialAnalyzer/Binaries/Win64/UnrealEditor.modules" 742
"../../../Engine/Plugins/Editor/FacialAnimation/Binaries/Win64/UnrealEditor.modules" 743
"../../../Engine/Plugins/Editor/MobileLauncherProfileWizard/Binaries/Win64/UnrealEditor.modules" 744
"../../../Engine/Plugins/Editor/WorldPartitionHLODUtilities/Binaries/Win64/UnrealEditor.modules" 745
"../../../Engine/Plugins/Editor/SequencerAnimTools/Binaries/Win64/UnrealEditor.modules" 746
"../../../Engine/Plugins/Editor/PluginBrowser/Binaries/Win64/UnrealEditor.modules" 747
"../../../Engine/Plugins/Editor/SpeedTreeImporter/Binaries/Win64/UnrealEditor.modules" 748
"../../../Engine/Plugins/Messaging/TcpMessaging/Binaries/Win64/UnrealEditor.modules" 749
"../../../Engine/Plugins/Messaging/UdpMessaging/Binaries/Win64/UnrealEditor.modules" 750
"../../../Engine/Plugins/Experimental/AutomationUtils/Binaries/Win64/UnrealEditor.modules" 751
"../../../Engine/Plugins/Experimental/ChaosEditor/Binaries/Win64/UnrealEditor.modules" 752
"../../../Engine/Plugins/Experimental/PlanarCutPlugin/Binaries/Win64/UnrealEditor.modules" 753
"../../../Engine/Plugins/Experimental/GeometryCollectionPlugin/Binaries/Win64/UnrealEditor.modules" 754
"../../../Engine/Plugins/Experimental/ChaosSolverPlugin/Binaries/Win64/UnrealEditor.modules" 755
"../../../Engine/Plugins/Experimental/Dataflow/Binaries/Win64/UnrealEditor.modules" 756
"../../../Engine/Plugins/Experimental/BackChannel/Binaries/Win64/UnrealEditor.modules" 757
"../../../Engine/Plugins/Experimental/ChaosUserDataPT/Binaries/Win64/UnrealEditor.modules" 758
"../../../Engine/Plugins/Experimental/ChaosClothEditor/Binaries/Win64/UnrealEditor.modules" 759
"../../../Engine/Plugins/Experimental/ChaosCloth/Binaries/Win64/UnrealEditor.modules" 760
"../../../Engine/Plugins/Experimental/ChaosCaching/Binaries/Win64/UnrealEditor.modules" 761
"../../../Engine/Plugins/VirtualProduction/Takes/Binaries/Win64/UnrealEditor.modules" 762
"../../../Engine/Plugins/Experimental/CharacterAI/Binaries/Win64/UnrealEditor.modules" 763
"../../../Engine/Plugins/Experimental/ChaosNiagara/Binaries/Win64/UnrealEditor.modules" 764
"../../../Engine/Plugins/Developer/GitSourceControl/Binaries/Win64/UnrealEditor.modules" 765
"../../../Engine/Plugins/Experimental/Iris/Binaries/Win64/UnrealEditor.modules" 766
"../../../Engine/Plugins/Experimental/OpenImageDenoise/Binaries/Win64/UnrealEditor.modules" 767
"../../../Engine/Plugins/Experimental/PlatformCrypto/Binaries/Win64/UnrealEditor.modules" 768
"../../../Engine/Plugins/Experimental/SkeletalReduction/Binaries/Win64/UnrealEditor.modules" 769
"../../../Engine/Plugins/Experimental/UVEditor/Binaries/Win64/UnrealEditor.modules" 770
"../../../Engine/Plugins/Enterprise/DatasmithContent/Binaries/Win64/UnrealEditor.modules" 771
"../../../Engine/Plugins/Enterprise/GLTFExporter/Binaries/Win64/UnrealEditor.modules" 772
"../../../Engine/Plugins/2D/Paper2D/Binaries/Win64/UnrealEditor.modules" 773
"../../../Engine/Plugins/Editor/ObjectMixer/LightMixer/Binaries/Win64/UnrealEditor.modules" 774
"../../../Engine/Plugins/Editor/ObjectMixer/ObjectMixer/Binaries/Win64/UnrealEditor.modules" 775
"../../../Engine/Plugins/Editor/ContentBrowser/ContentBrowserAssetDataSource/Binaries/Win64/UnrealEditor.modules" 776
"../../../Engine/Plugins/Editor/ContentBrowser/ContentBrowserClassDataSource/Binaries/Win64/UnrealEditor.modules" 777
"C:/Users/James Robertson/Documents/Unreal Projects/AT_UE5_OWLS/Plugins/Developer/RiderLink/Binaries/Win64/UnrealEditor.modules" 778
"C:/Users/James Robertson/AppData/Local/UnrealEngine/5.1/Saved/Config/WindowsEditor/SourceControlSettings.ini" 779
"../../../Engine/Content/Certificates/ThirdParty/cacert.pem" 780
"../../../Engine/Config/ConsoleVariables.ini" 781
"../../../Engine/Binaries/Win64/Android/UnrealEditor.modules" 782
"../../../Engine/Binaries/Win64/IOS/UnrealEditor.modules" 783
"../../../Engine/Binaries/Win64/Linux/UnrealEditor.modules" 784
"../../../Engine/Binaries/Win64/LinuxArm64/UnrealEditor.modules" 785
"C:\Program Files\Epic Games\UE_5.1\Engine\Binaries\ThirdParty\ShaderConductor\Win64\dxcompiler.dll" 786
"C:\Program Files\Epic Games\UE_5.1\Engine\Binaries\ThirdParty\ShaderConductor\Win64\dxil.dll" 787
"C:\Program Files\Epic Games\UE_5.1\Engine\Binaries\ThirdParty\ShaderConductor\Win64\ShaderConductor.dll" 788
"../../../Engine/Content/Localization/Editor/en/Editor.locres" 789
"../../../Engine/Content/Localization/EditorTutorials/en/EditorTutorials.locres" 790
"../../../Engine/Content/Localization/Keywords/en/Keywords.locres" 791
"../../../Engine/Content/Localization/Category/en/Category.locres" 792
"../../../Engine/Content/Localization/ToolTips/en/ToolTips.locres" 793
"../../../Engine/Content/Localization/PropertyNames/en/PropertyNames.locres" 794
"../../../Engine/Content/Localization/Engine/en/Engine.locres" 795
"../../../Engine/Plugins/Online/OnlineSubsystem/Content/Localization/OnlineSubsystem/en/OnlineSubsystem.locres" 796
"../../../Engine/Plugins/Online/OnlineSubsystemUtils/Content/Localization/OnlineSubsystemUtils/en/OnlineSubsystemUtils.locres" 797
"../../../Engine/Plugins/Online/Android/OnlineSubsystemGooglePlay/Content/Localization/OnlineSubsystemGooglePlay/en/OnlineSubsystemGooglePlay.locres" 798
"../../../Engine/Plugins/Online/IOS/OnlineSubsystemIOS/Content/Localization/OnlineSubsystemIOS/en/OnlineSubsystemIOS.locres" 799
"../../../Engine/Content/Internationalization/icudt64l/numberingSystems.res" 800
"../../../Engine/Content/Internationalization/icudt64l/curr/supplementalData.res" 801
"../../../Engine/Content/Internationalization/icudt64l/curr/en_GB.res" 802
"../../../Engine/Content/Internationalization/icudt64l/curr/pool.res" 803
"../../../Engine/Content/Internationalization/icudt64l/curr/en_001.res" 804
"../../../Engine/Content/Internationalization/icudt64l/curr/en.res" 805
"../../../Engine/Content/Internationalization/icudt64l/curr/root.res" 806
"../../../Engine/Content/Internationalization/icudt64l/lang/af.res" 807
"../../../Engine/Content/Internationalization/icudt64l/region/af.res" 808
"../../../Engine/Content/Internationalization/icudt64l/lang/agq.res" 809
"../../../Engine/Content/Internationalization/icudt64l/region/agq.res" 810
"../../../Engine/Content/Internationalization/icudt64l/lang/ak.res" 811
"../../../Engine/Content/Internationalization/icudt64l/region/ak.res" 812
"../../../Engine/Content/Internationalization/icudt64l/lang/am.res" 813
"../../../Engine/Content/Internationalization/icudt64l/region/am.res" 814
"../../../Engine/Content/Internationalization/icudt64l/lang/ar.res" 815
"../../../Engine/Content/Internationalization/icudt64l/region/ar.res" 816
"../../../Engine/Content/Internationalization/icudt64l/region/ar_AE.res" 817
"../../../Engine/Content/Internationalization/icudt64l/lang/ar_EG.res" 818
"../../../Engine/Content/Internationalization/icudt64l/lang/ar_LY.res" 819
"../../../Engine/Content/Internationalization/icudt64l/region/ar_LY.res" 820
"../../../Engine/Content/Internationalization/icudt64l/lang/ar_SA.res" 821
"../../../Engine/Content/Internationalization/icudt64l/region/ar_SA.res" 822
"../../../Engine/Content/Internationalization/icudt64l/lang/as.res" 823
"../../../Engine/Content/Internationalization/icudt64l/region/as.res" 824
"../../../Engine/Content/Internationalization/icudt64l/lang/asa.res" 825
"../../../Engine/Content/Internationalization/icudt64l/region/asa.res" 826
"../../../Engine/Content/Internationalization/icudt64l/lang/ast.res" 827
"../../../Engine/Content/Internationalization/icudt64l/region/ast.res" 828
"../../../Engine/Content/Internationalization/icudt64l/lang/az.res" 829
"../../../Engine/Content/Internationalization/icudt64l/lang/az_Cyrl.res" 830
"../../../Engine/Content/Internationalization/icudt64l/lang/az_AZ.res" 831
"../../../Engine/Content/Internationalization/icudt64l/lang/az_Latn_AZ.res" 832
"../../../Engine/Content/Internationalization/icudt64l/lang/az_Latn.res" 833
"../../../Engine/Content/Internationalization/icudt64l/region/az_AZ.res" 834
"../../../Engine/Content/Internationalization/icudt64l/region/az_Latn_AZ.res" 835
"../../../Engine/Content/Internationalization/icudt64l/region/az_Latn.res" 836
"../../../Engine/Content/Internationalization/icudt64l/region/az.res" 837
"../../../Engine/Content/Internationalization/icudt64l/region/az_Cyrl.res" 838
"../../../Engine/Content/Internationalization/icudt64l/lang/bas.res" 839
"../../../Engine/Content/Internationalization/icudt64l/region/bas.res" 840
"../../../Engine/Content/Internationalization/icudt64l/lang/be.res" 841
"../../../Engine/Content/Internationalization/icudt64l/region/be.res" 842
"../../../Engine/Content/Internationalization/icudt64l/lang/bem.res" 843
"../../../Engine/Content/Internationalization/icudt64l/region/bem.res" 844
"../../../Engine/Content/Internationalization/icudt64l/lang/bez.res" 845
"../../../Engine/Content/Internationalization/icudt64l/region/bez.res" 846
"../../../Engine/Content/Internationalization/icudt64l/lang/bg.res" 847
"../../../Engine/Content/Internationalization/icudt64l/region/bg.res" 848
"../../../Engine/Content/Internationalization/icudt64l/lang/bm.res" 849
"../../../Engine/Content/Internationalization/icudt64l/region/bm.res" 850
"../../../Engine/Content/Internationalization/icudt64l/lang/bn.res" 851
"../../../Engine/Content/Internationalization/icudt64l/region/bn.res" 852
"../../../Engine/Content/Internationalization/icudt64l/lang/bn_IN.res" 853
"../../../Engine/Content/Internationalization/icudt64l/region/bn_IN.res" 854
"../../../Engine/Content/Internationalization/icudt64l/lang/bo.res" 855
"../../../Engine/Content/Internationalization/icudt64l/region/bo.res" 856
"../../../Engine/Content/Internationalization/icudt64l/region/bo_IN.res" 857
"../../../Engine/Content/Internationalization/icudt64l/lang/br.res" 858
"../../../Engine/Content/Internationalization/icudt64l/region/br.res" 859
"../../../Engine/Content/Internationalization/icudt64l/lang/brx.res" 860
"../../../Engine/Content/Internationalization/icudt64l/region/brx.res" 861
"../../../Engine/Content/Internationalization/icudt64l/lang/bs.res" 862
"../../../Engine/Content/Internationalization/icudt64l/lang/bs_Cyrl.res" 863
"../../../Engine/Content/Internationalization/icudt64l/lang/bs_BA.res" 864
"../../../Engine/Content/Internationalization/icudt64l/lang/bs_Latn_BA.res" 865
"../../../Engine/Content/Internationalization/icudt64l/lang/bs_Latn.res" 866
"../../../Engine/Content/Internationalization/icudt64l/region/bs_BA.res" 867
"../../../Engine/Content/Internationalization/icudt64l/region/bs_Latn_BA.res" 868
"../../../Engine/Content/Internationalization/icudt64l/region/bs_Latn.res" 869
"../../../Engine/Content/Internationalization/icudt64l/region/bs.res" 870
"../../../Engine/Content/Internationalization/icudt64l/region/bs_Cyrl.res" 871
"../../../Engine/Content/Internationalization/icudt64l/lang/ca.res" 872
"../../../Engine/Content/Internationalization/icudt64l/region/ca.res" 873
"../../../Engine/Content/Internationalization/icudt64l/lang/ccp.res" 874
"../../../Engine/Content/Internationalization/icudt64l/region/ccp.res" 875
"../../../Engine/Content/Internationalization/icudt64l/lang/ce.res" 876
"../../../Engine/Content/Internationalization/icudt64l/region/ce.res" 877
"../../../Engine/Content/Internationalization/icudt64l/lang/ceb.res" 878
"../../../Engine/Content/Internationalization/icudt64l/region/ceb.res" 879
"../../../Engine/Content/Internationalization/icudt64l/lang/cgg.res" 880
"../../../Engine/Content/Internationalization/icudt64l/region/cgg.res" 881
"../../../Engine/Content/Internationalization/icudt64l/lang/chr.res" 882
"../../../Engine/Content/Internationalization/icudt64l/region/chr.res" 883
"../../../Engine/Content/Internationalization/icudt64l/lang/ckb.res" 884
"../../../Engine/Content/Internationalization/icudt64l/region/ckb.res" 885
"../../../Engine/Content/Internationalization/icudt64l/lang/cs.res" 886
"../../../Engine/Content/Internationalization/icudt64l/region/cs.res" 887
"../../../Engine/Content/Internationalization/icudt64l/lang/cy.res" 888
"../../../Engine/Content/Internationalization/icudt64l/region/cy.res" 889
"../../../Engine/Content/Internationalization/icudt64l/lang/da.res" 890
"../../../Engine/Content/Internationalization/icudt64l/region/da.res" 891
"../../../Engine/Content/Internationalization/icudt64l/lang/dav.res" 892
"../../../Engine/Content/Internationalization/icudt64l/region/dav.res" 893
"../../../Engine/Content/Internationalization/icudt64l/lang/de.res" 894
"../../../Engine/Content/Internationalization/icudt64l/lang/de_AT.res" 895
"../../../Engine/Content/Internationalization/icudt64l/region/de_AT.res" 896
"../../../Engine/Content/Internationalization/icudt64l/region/de.res" 897
"../../../Engine/Content/Internationalization/icudt64l/lang/de_CH.res" 898
"../../../Engine/Content/Internationalization/icudt64l/region/de_CH.res" 899
"../../../Engine/Content/Internationalization/icudt64l/lang/de_LU.res" 900
"../../../Engine/Content/Internationalization/icudt64l/lang/dje.res" 901
"../../../Engine/Content/Internationalization/icudt64l/region/dje.res" 902
"../../../Engine/Content/Internationalization/icudt64l/lang/dsb.res" 903
"../../../Engine/Content/Internationalization/icudt64l/region/dsb.res" 904
"../../../Engine/Content/Internationalization/icudt64l/lang/dua.res" 905
"../../../Engine/Content/Internationalization/icudt64l/region/dua.res" 906
"../../../Engine/Content/Internationalization/icudt64l/lang/dyo.res" 907
"../../../Engine/Content/Internationalization/icudt64l/region/dyo.res" 908
"../../../Engine/Content/Internationalization/icudt64l/lang/dz.res" 909
"../../../Engine/Content/Internationalization/icudt64l/region/dz.res" 910
"../../../Engine/Content/Internationalization/icudt64l/lang/ebu.res" 911
"../../../Engine/Content/Internationalization/icudt64l/region/ebu.res" 912
"../../../Engine/Content/Internationalization/icudt64l/lang/ee.res" 913
"../../../Engine/Content/Internationalization/icudt64l/region/ee.res" 914
"../../../Engine/Content/Internationalization/icudt64l/lang/el.res" 915
"../../../Engine/Content/Internationalization/icudt64l/region/el.res" 916
"../../../Engine/Content/Internationalization/icudt64l/lang/en_150.res" 917
"../../../Engine/Content/Internationalization/icudt64l/region/en_150.res" 918
"../../../Engine/Content/Internationalization/icudt64l/lang/en_AG.res" 919
"../../../Engine/Content/Internationalization/icudt64l/region/en_AG.res" 920
"../../../Engine/Content/Internationalization/icudt64l/lang/en_AI.res" 921
"../../../Engine/Content/Internationalization/icudt64l/region/en_AI.res" 922
"../../../Engine/Content/Internationalization/icudt64l/lang/en_AT.res" 923
"../../../Engine/Content/Internationalization/icudt64l/region/en_AT.res" 924
"../../../Engine/Content/Internationalization/icudt64l/lang/en_AU.res" 925
"../../../Engine/Content/Internationalization/icudt64l/region/en_AU.res" 926
"../../../Engine/Content/Internationalization/icudt64l/lang/en_BB.res" 927
"../../../Engine/Content/Internationalization/icudt64l/region/en_BB.res" 928
"../../../Engine/Content/Internationalization/icudt64l/lang/en_BE.res" 929
"../../../Engine/Content/Internationalization/icudt64l/region/en_BE.res" 930
"../../../Engine/Content/Internationalization/icudt64l/lang/en_BM.res" 931
"../../../Engine/Content/Internationalization/icudt64l/region/en_BM.res" 932
"../../../Engine/Content/Internationalization/icudt64l/lang/en_BS.res" 933
"../../../Engine/Content/Internationalization/icudt64l/region/en_BS.res" 934
"../../../Engine/Content/Internationalization/icudt64l/lang/en_BW.res" 935
"../../../Engine/Content/Internationalization/icudt64l/region/en_BW.res" 936
"../../../Engine/Content/Internationalization/icudt64l/lang/en_BZ.res" 937
"../../../Engine/Content/Internationalization/icudt64l/region/en_BZ.res" 938
"../../../Engine/Content/Internationalization/icudt64l/lang/en_CA.res" 939
"../../../Engine/Content/Internationalization/icudt64l/region/en_CA.res" 940
"../../../Engine/Content/Internationalization/icudt64l/lang/en_CC.res" 941
"../../../Engine/Content/Internationalization/icudt64l/region/en_CC.res" 942
"../../../Engine/Content/Internationalization/icudt64l/lang/en_CH.res" 943
"../../../Engine/Content/Internationalization/icudt64l/region/en_CH.res" 944
"../../../Engine/Content/Internationalization/icudt64l/lang/en_CK.res" 945
"../../../Engine/Content/Internationalization/icudt64l/region/en_CK.res" 946
"../../../Engine/Content/Internationalization/icudt64l/lang/en_CM.res" 947
"../../../Engine/Content/Internationalization/icudt64l/region/en_CM.res" 948
"../../../Engine/Content/Internationalization/icudt64l/lang/en_CX.res" 949
"../../../Engine/Content/Internationalization/icudt64l/region/en_CX.res" 950
"../../../Engine/Content/Internationalization/icudt64l/lang/en_CY.res" 951
"../../../Engine/Content/Internationalization/icudt64l/region/en_CY.res" 952
"../../../Engine/Content/Internationalization/icudt64l/lang/en_DE.res" 953
"../../../Engine/Content/Internationalization/icudt64l/region/en_DE.res" 954
"../../../Engine/Content/Internationalization/icudt64l/lang/en_DG.res" 955
"../../../Engine/Content/Internationalization/icudt64l/region/en_DG.res" 956
"../../../Engine/Content/Internationalization/icudt64l/lang/en_DK.res" 957
"../../../Engine/Content/Internationalization/icudt64l/region/en_DK.res" 958
"../../../Engine/Content/Internationalization/icudt64l/lang/en_DM.res" 959
"../../../Engine/Content/Internationalization/icudt64l/region/en_DM.res" 960
"../../../Engine/Content/Internationalization/icudt64l/lang/en_ER.res" 961
"../../../Engine/Content/Internationalization/icudt64l/region/en_ER.res" 962
"../../../Engine/Content/Internationalization/icudt64l/lang/en_FI.res" 963
"../../../Engine/Content/Internationalization/icudt64l/region/en_FI.res" 964
"../../../Engine/Content/Internationalization/icudt64l/lang/en_FJ.res" 965
"../../../Engine/Content/Internationalization/icudt64l/region/en_FJ.res" 966
"../../../Engine/Content/Internationalization/icudt64l/lang/en_FK.res" 967
"../../../Engine/Content/Internationalization/icudt64l/region/en_FK.res" 968
"../../../Engine/Content/Internationalization/icudt64l/lang/en_FM.res" 969
"../../../Engine/Content/Internationalization/icudt64l/region/en_FM.res" 970
"../../../Engine/Content/Internationalization/icudt64l/lang/en_GD.res" 971
"../../../Engine/Content/Internationalization/icudt64l/region/en_GD.res" 972
"../../../Engine/Content/Internationalization/icudt64l/lang/en_GG.res" 973
"../../../Engine/Content/Internationalization/icudt64l/region/en_GG.res" 974
"../../../Engine/Content/Internationalization/icudt64l/lang/en_GH.res" 975
"../../../Engine/Content/Internationalization/icudt64l/region/en_GH.res" 976
"../../../Engine/Content/Internationalization/icudt64l/lang/en_GI.res" 977
"../../../Engine/Content/Internationalization/icudt64l/region/en_GI.res" 978
"../../../Engine/Content/Internationalization/icudt64l/lang/en_GM.res" 979
"../../../Engine/Content/Internationalization/icudt64l/region/en_GM.res" 980
"../../../Engine/Content/Internationalization/icudt64l/lang/en_GY.res" 981
"../../../Engine/Content/Internationalization/icudt64l/region/en_GY.res" 982
"../../../Engine/Content/Internationalization/icudt64l/lang/en_HK.res" 983
"../../../Engine/Content/Internationalization/icudt64l/region/en_HK.res" 984
"../../../Engine/Content/Internationalization/icudt64l/lang/en_IE.res" 985
"../../../Engine/Content/Internationalization/icudt64l/region/en_IE.res" 986
"../../../Engine/Content/Internationalization/icudt64l/lang/en_IL.res" 987
"../../../Engine/Content/Internationalization/icudt64l/region/en_IL.res" 988
"../../../Engine/Content/Internationalization/icudt64l/lang/en_IM.res" 989
"../../../Engine/Content/Internationalization/icudt64l/region/en_IM.res" 990
"../../../Engine/Content/Internationalization/icudt64l/lang/en_IN.res" 991
"../../../Engine/Content/Internationalization/icudt64l/region/en_IN.res" 992
"../../../Engine/Content/Internationalization/icudt64l/lang/en_IO.res" 993
"../../../Engine/Content/Internationalization/icudt64l/region/en_IO.res" 994
"../../../Engine/Content/Internationalization/icudt64l/lang/en_JE.res" 995
"../../../Engine/Content/Internationalization/icudt64l/region/en_JE.res" 996
"../../../Engine/Content/Internationalization/icudt64l/lang/en_JM.res" 997
"../../../Engine/Content/Internationalization/icudt64l/region/en_JM.res" 998
"../../../Engine/Content/Internationalization/icudt64l/lang/en_KE.res" 999
"../../../Engine/Content/Internationalization/icudt64l/region/en_KE.res" 1000
"../../../Engine/Content/Internationalization/icudt64l/lang/en_KI.res" 1001
"../../../Engine/Content/Internationalization/icudt64l/region/en_KI.res" 1002
"../../../Engine/Content/Internationalization/icudt64l/lang/en_KN.res" 1003
"../../../Engine/Content/Internationalization/icudt64l/region/en_KN.res" 1004
"../../../Engine/Content/Internationalization/icudt64l/lang/en_KY.res" 1005
"../../../Engine/Content/Internationalization/icudt64l/region/en_KY.res" 1006
"../../../Engine/Content/Internationalization/icudt64l/lang/en_LC.res" 1007
"../../../Engine/Content/Internationalization/icudt64l/region/en_LC.res" 1008
"../../../Engine/Content/Internationalization/icudt64l/lang/en_LR.res" 1009
"../../../Engine/Content/Internationalization/icudt64l/region/en_LR.res" 1010
"../../../Engine/Content/Internationalization/icudt64l/lang/en_LS.res" 1011
"../../../Engine/Content/Internationalization/icudt64l/region/en_LS.res" 1012
"../../../Engine/Content/Internationalization/icudt64l/lang/en_MG.res" 1013
"../../../Engine/Content/Internationalization/icudt64l/region/en_MG.res" 1014
"../../../Engine/Content/Internationalization/icudt64l/lang/en_MO.res" 1015
"../../../Engine/Content/Internationalization/icudt64l/region/en_MO.res" 1016
"../../../Engine/Content/Internationalization/icudt64l/lang/en_MS.res" 1017
"../../../Engine/Content/Internationalization/icudt64l/region/en_MS.res" 1018
"../../../Engine/Content/Internationalization/icudt64l/lang/en_MT.res" 1019
"../../../Engine/Content/Internationalization/icudt64l/region/en_MT.res" 1020
"../../../Engine/Content/Internationalization/icudt64l/lang/en_MU.res" 1021
"../../../Engine/Content/Internationalization/icudt64l/region/en_MU.res" 1022
"../../../Engine/Content/Internationalization/icudt64l/lang/en_MW.res" 1023
"../../../Engine/Content/Internationalization/icudt64l/region/en_MW.res" 1024
"../../../Engine/Content/Internationalization/icudt64l/lang/en_MY.res" 1025
"../../../Engine/Content/Internationalization/icudt64l/region/en_MY.res" 1026
"../../../Engine/Content/Internationalization/icudt64l/lang/en_NA.res" 1027
"../../../Engine/Content/Internationalization/icudt64l/region/en_NA.res" 1028
"../../../Engine/Content/Internationalization/icudt64l/lang/en_NF.res" 1029
"../../../Engine/Content/Internationalization/icudt64l/region/en_NF.res" 1030
"../../../Engine/Content/Internationalization/icudt64l/lang/en_NG.res" 1031
"../../../Engine/Content/Internationalization/icudt64l/region/en_NG.res" 1032
"../../../Engine/Content/Internationalization/icudt64l/lang/en_NL.res" 1033
"../../../Engine/Content/Internationalization/icudt64l/region/en_NL.res" 1034
"../../../Engine/Content/Internationalization/icudt64l/lang/en_NR.res" 1035
"../../../Engine/Content/Internationalization/icudt64l/region/en_NR.res" 1036
"../../../Engine/Content/Internationalization/icudt64l/lang/en_NU.res" 1037
"../../../Engine/Content/Internationalization/icudt64l/region/en_NU.res" 1038
"../../../Engine/Content/Internationalization/icudt64l/lang/en_NZ.res" 1039
"../../../Engine/Content/Internationalization/icudt64l/region/en_NZ.res" 1040
"../../../Engine/Content/Internationalization/icudt64l/lang/en_PG.res" 1041
"../../../Engine/Content/Internationalization/icudt64l/region/en_PG.res" 1042
"../../../Engine/Content/Internationalization/icudt64l/lang/en_PH.res" 1043
"../../../Engine/Content/Internationalization/icudt64l/region/en_PH.res" 1044
"../../../Engine/Content/Internationalization/icudt64l/lang/en_PK.res" 1045
"../../../Engine/Content/Internationalization/icudt64l/region/en_PK.res" 1046
"../../../Engine/Content/Internationalization/icudt64l/lang/en_PN.res" 1047
"../../../Engine/Content/Internationalization/icudt64l/region/en_PN.res" 1048
"../../../Engine/Content/Internationalization/icudt64l/lang/en_PW.res" 1049
"../../../Engine/Content/Internationalization/icudt64l/region/en_PW.res" 1050
"../../../Engine/Content/Internationalization/icudt64l/lang/en_RW.res" 1051
"../../../Engine/Content/Internationalization/icudt64l/region/en_RW.res" 1052
"../../../Engine/Content/Internationalization/icudt64l/lang/en_SB.res" 1053
"../../../Engine/Content/Internationalization/icudt64l/region/en_SB.res" 1054
"../../../Engine/Content/Internationalization/icudt64l/lang/en_SC.res" 1055
"../../../Engine/Content/Internationalization/icudt64l/region/en_SC.res" 1056
"../../../Engine/Content/Internationalization/icudt64l/lang/en_SD.res" 1057
"../../../Engine/Content/Internationalization/icudt64l/region/en_SD.res" 1058
"../../../Engine/Content/Internationalization/icudt64l/lang/en_SE.res" 1059
"../../../Engine/Content/Internationalization/icudt64l/region/en_SE.res" 1060
"../../../Engine/Content/Internationalization/icudt64l/lang/en_SG.res" 1061
"../../../Engine/Content/Internationalization/icudt64l/region/en_SG.res" 1062
"../../../Engine/Content/Internationalization/icudt64l/lang/en_SH.res" 1063
"../../../Engine/Content/Internationalization/icudt64l/region/en_SH.res" 1064
"../../../Engine/Content/Internationalization/icudt64l/lang/en_SI.res" 1065
"../../../Engine/Content/Internationalization/icudt64l/region/en_SI.res" 1066
"../../../Engine/Content/Internationalization/icudt64l/lang/en_SL.res" 1067
"../../../Engine/Content/Internationalization/icudt64l/region/en_SL.res" 1068
"../../../Engine/Content/Internationalization/icudt64l/lang/en_SS.res" 1069
"../../../Engine/Content/Internationalization/icudt64l/region/en_SS.res" 1070
"../../../Engine/Content/Internationalization/icudt64l/lang/en_SX.res" 1071
"../../../Engine/Content/Internationalization/icudt64l/region/en_SX.res" 1072
"../../../Engine/Content/Internationalization/icudt64l/lang/en_SZ.res" 1073
"../../../Engine/Content/Internationalization/icudt64l/region/en_SZ.res" 1074
"../../../Engine/Content/Internationalization/icudt64l/lang/en_TC.res" 1075
"../../../Engine/Content/Internationalization/icudt64l/region/en_TC.res" 1076
"../../../Engine/Content/Internationalization/icudt64l/lang/en_TK.res" 1077
"../../../Engine/Content/Internationalization/icudt64l/region/en_TK.res" 1078
"../../../Engine/Content/Internationalization/icudt64l/lang/en_TO.res" 1079
"../../../Engine/Content/Internationalization/icudt64l/region/en_TO.res" 1080
"../../../Engine/Content/Internationalization/icudt64l/lang/en_TT.res" 1081
"../../../Engine/Content/Internationalization/icudt64l/region/en_TT.res" 1082
"../../../Engine/Content/Internationalization/icudt64l/lang/en_TV.res" 1083
"../../../Engine/Content/Internationalization/icudt64l/region/en_TV.res" 1084
"../../../Engine/Content/Internationalization/icudt64l/lang/en_TZ.res" 1085
"../../../Engine/Content/Internationalization/icudt64l/region/en_TZ.res" 1086
"../../../Engine/Content/Internationalization/icudt64l/lang/en_UG.res" 1087
"../../../Engine/Content/Internationalization/icudt64l/region/en_UG.res" 1088
"../../../Engine/Content/Internationalization/icudt64l/lang/en_VC.res" 1089
"../../../Engine/Content/Internationalization/icudt64l/region/en_VC.res" 1090
"../../../Engine/Content/Internationalization/icudt64l/lang/en_VG.res" 1091
"../../../Engine/Content/Internationalization/icudt64l/region/en_VG.res" 1092
"../../../Engine/Content/Internationalization/icudt64l/lang/en_VU.res" 1093
"../../../Engine/Content/Internationalization/icudt64l/region/en_VU.res" 1094
"../../../Engine/Content/Internationalization/icudt64l/lang/en_WS.res" 1095
"../../../Engine/Content/Internationalization/icudt64l/region/en_WS.res" 1096
"../../../Engine/Content/Internationalization/icudt64l/lang/en_ZA.res" 1097
"../../../Engine/Content/Internationalization/icudt64l/region/en_ZA.res" 1098
"../../../Engine/Content/Internationalization/icudt64l/lang/en_ZM.res" 1099
"../../../Engine/Content/Internationalization/icudt64l/region/en_ZM.res" 1100
"../../../Engine/Content/Internationalization/icudt64l/lang/en_ZW.res" 1101
"../../../Engine/Content/Internationalization/icudt64l/region/en_ZW.res" 1102
"../../../Engine/Content/Internationalization/icudt64l/lang/eo.res" 1103
"../../../Engine/Content/Internationalization/icudt64l/region/eo.res" 1104
"../../../Engine/Content/Internationalization/icudt64l/lang/es.res" 1105
"../../../Engine/Content/Internationalization/icudt64l/lang/es_419.res" 1106
"../../../Engine/Content/Internationalization/icudt64l/region/es_419.res" 1107
"../../../Engine/Content/Internationalization/icudt64l/region/es.res" 1108
"../../../Engine/Content/Internationalization/icudt64l/lang/es_AR.res" 1109
"../../../Engine/Content/Internationalization/icudt64l/region/es_AR.res" 1110
"../../../Engine/Content/Internationalization/icudt64l/lang/es_BO.res" 1111
"../../../Engine/Content/Internationalization/icudt64l/region/es_BO.res" 1112
"../../../Engine/Content/Internationalization/icudt64l/lang/es_BR.res" 1113
"../../../Engine/Content/Internationalization/icudt64l/region/es_BR.res" 1114
"../../../Engine/Content/Internationalization/icudt64l/lang/es_BZ.res" 1115
"../../../Engine/Content/Internationalization/icudt64l/region/es_BZ.res" 1116
"../../../Engine/Content/Internationalization/icudt64l/lang/es_CL.res" 1117
"../../../Engine/Content/Internationalization/icudt64l/region/es_CL.res" 1118
"../../../Engine/Content/Internationalization/icudt64l/lang/es_CO.res" 1119
"../../../Engine/Content/Internationalization/icudt64l/region/es_CO.res" 1120
"../../../Engine/Content/Internationalization/icudt64l/lang/es_CR.res" 1121
"../../../Engine/Content/Internationalization/icudt64l/region/es_CR.res" 1122
"../../../Engine/Content/Internationalization/icudt64l/lang/es_CU.res" 1123
"../../../Engine/Content/Internationalization/icudt64l/region/es_CU.res" 1124
"../../../Engine/Content/Internationalization/icudt64l/lang/es_DO.res" 1125
"../../../Engine/Content/Internationalization/icudt64l/region/es_DO.res" 1126
"../../../Engine/Content/Internationalization/icudt64l/lang/es_EC.res" 1127
"../../../Engine/Content/Internationalization/icudt64l/region/es_EC.res" 1128
"../../../Engine/Content/Internationalization/icudt64l/lang/es_GT.res" 1129
"../../../Engine/Content/Internationalization/icudt64l/region/es_GT.res" 1130
"../../../Engine/Content/Internationalization/icudt64l/lang/es_HN.res" 1131
"../../../Engine/Content/Internationalization/icudt64l/region/es_HN.res" 1132
"../../../Engine/Content/Internationalization/icudt64l/lang/es_MX.res" 1133
"../../../Engine/Content/Internationalization/icudt64l/region/es_MX.res" 1134
"../../../Engine/Content/Internationalization/icudt64l/lang/es_NI.res" 1135
"../../../Engine/Content/Internationalization/icudt64l/region/es_NI.res" 1136
"../../../Engine/Content/Internationalization/icudt64l/lang/es_PA.res" 1137
"../../../Engine/Content/Internationalization/icudt64l/region/es_PA.res" 1138
"../../../Engine/Content/Internationalization/icudt64l/lang/es_PE.res" 1139
"../../../Engine/Content/Internationalization/icudt64l/region/es_PE.res" 1140
"../../../Engine/Content/Internationalization/icudt64l/lang/es_PR.res" 1141
"../../../Engine/Content/Internationalization/icudt64l/region/es_PR.res" 1142
"../../../Engine/Content/Internationalization/icudt64l/lang/es_PY.res" 1143
"../../../Engine/Content/Internationalization/icudt64l/region/es_PY.res" 1144
"../../../Engine/Content/Internationalization/icudt64l/lang/es_SV.res" 1145
"../../../Engine/Content/Internationalization/icudt64l/region/es_SV.res" 1146
"../../../Engine/Content/Internationalization/icudt64l/lang/es_US.res" 1147
"../../../Engine/Content/Internationalization/icudt64l/region/es_US.res" 1148
"../../../Engine/Content/Internationalization/icudt64l/lang/es_UY.res" 1149
"../../../Engine/Content/Internationalization/icudt64l/region/es_UY.res" 1150
"../../../Engine/Content/Internationalization/icudt64l/lang/es_VE.res" 1151
"../../../Engine/Content/Internationalization/icudt64l/region/es_VE.res" 1152
"../../../Engine/Content/Internationalization/icudt64l/lang/et.res" 1153
"../../../Engine/Content/Internationalization/icudt64l/region/et.res" 1154
"../../../Engine/Content/Internationalization/icudt64l/lang/eu.res" 1155
"../../../Engine/Content/Internationalization/icudt64l/region/eu.res" 1156
"../../../Engine/Content/Internationalization/icudt64l/lang/ewo.res" 1157
"../../../Engine/Content/Internationalization/icudt64l/region/ewo.res" 1158
"../../../Engine/Content/Internationalization/icudt64l/lang/fa.res" 1159
"../../../Engine/Content/Internationalization/icudt64l/lang/fa_AF.res" 1160
"../../../Engine/Content/Internationalization/icudt64l/region/fa_AF.res" 1161
"../../../Engine/Content/Internationalization/icudt64l/region/fa.res" 1162
"../../../Engine/Content/Internationalization/icudt64l/lang/ff.res" 1163
"../../../Engine/Content/Internationalization/icudt64l/lang/ff_Latn.res" 1164
"../../../Engine/Content/Internationalization/icudt64l/region/ff.res" 1165
"../../../Engine/Content/Internationalization/icudt64l/region/ff_Latn.res" 1166
"../../../Engine/Content/Internationalization/icudt64l/lang/ff_CM.res" 1167
"../../../Engine/Content/Internationalization/icudt64l/lang/ff_Latn_CM.res" 1168
"../../../Engine/Content/Internationalization/icudt64l/region/ff_CM.res" 1169
"../../../Engine/Content/Internationalization/icudt64l/region/ff_Latn_CM.res" 1170
"../../../Engine/Content/Internationalization/icudt64l/lang/ff_GN.res" 1171
"../../../Engine/Content/Internationalization/icudt64l/lang/ff_Latn_GN.res" 1172
"../../../Engine/Content/Internationalization/icudt64l/region/ff_GN.res" 1173
"../../../Engine/Content/Internationalization/icudt64l/region/ff_Latn_GN.res" 1174
"../../../Engine/Content/Internationalization/icudt64l/lang/ff_MR.res" 1175
"../../../Engine/Content/Internationalization/icudt64l/lang/ff_Latn_MR.res" 1176
"../../../Engine/Content/Internationalization/icudt64l/region/ff_MR.res" 1177
"../../../Engine/Content/Internationalization/icudt64l/region/ff_Latn_MR.res" 1178
"../../../Engine/Content/Internationalization/icudt64l/lang/ff_SN.res" 1179
"../../../Engine/Content/Internationalization/icudt64l/lang/ff_Latn_SN.res" 1180
"../../../Engine/Content/Internationalization/icudt64l/region/ff_SN.res" 1181
"../../../Engine/Content/Internationalization/icudt64l/region/ff_Latn_SN.res" 1182
"../../../Engine/Content/Internationalization/icudt64l/lang/fi.res" 1183
"../../../Engine/Content/Internationalization/icudt64l/region/fi.res" 1184
"../../../Engine/Content/Internationalization/icudt64l/lang/fil.res" 1185
"../../../Engine/Content/Internationalization/icudt64l/lang/fil_PH.res" 1186
"../../../Engine/Content/Internationalization/icudt64l/region/fil_PH.res" 1187
"../../../Engine/Content/Internationalization/icudt64l/region/fil.res" 1188
"../../../Engine/Content/Internationalization/icudt64l/lang/fo.res" 1189
"../../../Engine/Content/Internationalization/icudt64l/region/fo.res" 1190
"../../../Engine/Content/Internationalization/icudt64l/lang/fr.res" 1191
"../../../Engine/Content/Internationalization/icudt64l/lang/fr_BE.res" 1192
"../../../Engine/Content/Internationalization/icudt64l/region/fr_BE.res" 1193
"../../../Engine/Content/Internationalization/icudt64l/region/fr.res" 1194
"../../../Engine/Content/Internationalization/icudt64l/lang/fr_CA.res" 1195
"../../../Engine/Content/Internationalization/icudt64l/region/fr_CA.res" 1196
"../../../Engine/Content/Internationalization/icudt64l/lang/fr_CH.res" 1197
"../../../Engine/Content/Internationalization/icudt64l/lang/fur.res" 1198
"../../../Engine/Content/Internationalization/icudt64l/region/fur.res" 1199
"../../../Engine/Content/Internationalization/icudt64l/lang/fy.res" 1200
"../../../Engine/Content/Internationalization/icudt64l/region/fy.res" 1201
"../../../Engine/Content/Internationalization/icudt64l/lang/ga.res" 1202
"../../../Engine/Content/Internationalization/icudt64l/region/ga.res" 1203
"../../../Engine/Content/Internationalization/icudt64l/lang/gd.res" 1204
"../../../Engine/Content/Internationalization/icudt64l/region/gd.res" 1205
"../../../Engine/Content/Internationalization/icudt64l/lang/gl.res" 1206
"../../../Engine/Content/Internationalization/icudt64l/region/gl.res" 1207
"../../../Engine/Content/Internationalization/icudt64l/lang/gsw.res" 1208
"../../../Engine/Content/Internationalization/icudt64l/region/gsw.res" 1209
"../../../Engine/Content/Internationalization/icudt64l/lang/gu.res" 1210
"../../../Engine/Content/Internationalization/icudt64l/region/gu.res" 1211
"../../../Engine/Content/Internationalization/icudt64l/lang/guz.res" 1212
"../../../Engine/Content/Internationalization/icudt64l/region/guz.res" 1213
"../../../Engine/Content/Internationalization/icudt64l/lang/gv.res" 1214
"../../../Engine/Content/Internationalization/icudt64l/region/gv.res" 1215
"../../../Engine/Content/Internationalization/icudt64l/lang/ha.res" 1216
"../../../Engine/Content/Internationalization/icudt64l/region/ha.res" 1217
"../../../Engine/Content/Internationalization/icudt64l/lang/ha_NE.res" 1218
"../../../Engine/Content/Internationalization/icudt64l/region/ha_NE.res" 1219
"../../../Engine/Content/Internationalization/icudt64l/lang/haw.res" 1220
"../../../Engine/Content/Internationalization/icudt64l/region/haw.res" 1221
"../../../Engine/Content/Internationalization/icudt64l/lang/he.res" 1222
"../../../Engine/Content/Internationalization/icudt64l/lang/he_IL.res" 1223
"../../../Engine/Content/Internationalization/icudt64l/region/he_IL.res" 1224
"../../../Engine/Content/Internationalization/icudt64l/region/he.res" 1225
"../../../Engine/Content/Internationalization/icudt64l/lang/hi.res" 1226
"../../../Engine/Content/Internationalization/icudt64l/region/hi.res" 1227
"../../../Engine/Content/Internationalization/icudt64l/lang/hr.res" 1228
"../../../Engine/Content/Internationalization/icudt64l/region/hr.res" 1229
"../../../Engine/Content/Internationalization/icudt64l/lang/hsb.res" 1230
"../../../Engine/Content/Internationalization/icudt64l/region/hsb.res" 1231
"../../../Engine/Content/Internationalization/icudt64l/lang/hu.res" 1232
"../../../Engine/Content/Internationalization/icudt64l/region/hu.res" 1233
"../../../Engine/Content/Internationalization/icudt64l/lang/hy.res" 1234
"../../../Engine/Content/Internationalization/icudt64l/region/hy.res" 1235
"../../../Engine/Content/Internationalization/icudt64l/lang/ia.res" 1236
"../../../Engine/Content/Internationalization/icudt64l/region/ia.res" 1237
"../../../Engine/Content/Internationalization/icudt64l/lang/id.res" 1238
"../../../Engine/Content/Internationalization/icudt64l/lang/id_ID.res" 1239
"../../../Engine/Content/Internationalization/icudt64l/region/id_ID.res" 1240
"../../../Engine/Content/Internationalization/icudt64l/region/id.res" 1241
"../../../Engine/Content/Internationalization/icudt64l/lang/ig.res" 1242
"../../../Engine/Content/Internationalization/icudt64l/region/ig.res" 1243
"../../../Engine/Content/Internationalization/icudt64l/lang/ii.res" 1244
"../../../Engine/Content/Internationalization/icudt64l/region/ii.res" 1245
"../../../Engine/Content/Internationalization/icudt64l/lang/is.res" 1246
"../../../Engine/Content/Internationalization/icudt64l/region/is.res" 1247
"../../../Engine/Content/Internationalization/icudt64l/lang/it.res" 1248
"../../../Engine/Content/Internationalization/icudt64l/region/it.res" 1249
"../../../Engine/Content/Internationalization/icudt64l/lang/ja.res" 1250
"../../../Engine/Content/Internationalization/icudt64l/lang/ja_JP.res" 1251
"../../../Engine/Content/Internationalization/icudt64l/region/ja_JP.res" 1252
"../../../Engine/Content/Internationalization/icudt64l/region/ja.res" 1253
"../../../Engine/Content/Internationalization/icudt64l/lang/jgo.res" 1254
"../../../Engine/Content/Internationalization/icudt64l/region/jgo.res" 1255
"../../../Engine/Content/Internationalization/icudt64l/lang/jmc.res" 1256
"../../../Engine/Content/Internationalization/icudt64l/region/jmc.res" 1257
"../../../Engine/Content/Internationalization/icudt64l/lang/jv.res" 1258
"../../../Engine/Content/Internationalization/icudt64l/region/jv.res" 1259
"../../../Engine/Content/Internationalization/icudt64l/lang/ka.res" 1260
"../../../Engine/Content/Internationalization/icudt64l/region/ka.res" 1261
"../../../Engine/Content/Internationalization/icudt64l/lang/kab.res" 1262
"../../../Engine/Content/Internationalization/icudt64l/region/kab.res" 1263
"../../../Engine/Content/Internationalization/icudt64l/lang/kam.res" 1264
"../../../Engine/Content/Internationalization/icudt64l/region/kam.res" 1265
"../../../Engine/Content/Internationalization/icudt64l/lang/kde.res" 1266
"../../../Engine/Content/Internationalization/icudt64l/region/kde.res" 1267
"../../../Engine/Content/Internationalization/icudt64l/lang/kea.res" 1268
"../../../Engine/Content/Internationalization/icudt64l/region/kea.res" 1269
"../../../Engine/Content/Internationalization/icudt64l/lang/khq.res" 1270
"../../../Engine/Content/Internationalization/icudt64l/region/khq.res" 1271
"../../../Engine/Content/Internationalization/icudt64l/lang/ki.res" 1272
"../../../Engine/Content/Internationalization/icudt64l/region/ki.res" 1273
"../../../Engine/Content/Internationalization/icudt64l/lang/kk.res" 1274
"../../../Engine/Content/Internationalization/icudt64l/region/kk.res" 1275
"../../../Engine/Content/Internationalization/icudt64l/lang/kkj.res" 1276
"../../../Engine/Content/Internationalization/icudt64l/region/kkj.res" 1277
"../../../Engine/Content/Internationalization/icudt64l/lang/kl.res" 1278
"../../../Engine/Content/Internationalization/icudt64l/region/kl.res" 1279
"../../../Engine/Content/Internationalization/icudt64l/lang/kln.res" 1280
"../../../Engine/Content/Internationalization/icudt64l/region/kln.res" 1281
"../../../Engine/Content/Internationalization/icudt64l/lang/km.res" 1282
"../../../Engine/Content/Internationalization/icudt64l/region/km.res" 1283
"../../../Engine/Content/Internationalization/icudt64l/lang/kn.res" 1284
"../../../Engine/Content/Internationalization/icudt64l/region/kn.res" 1285
"../../../Engine/Content/Internationalization/icudt64l/lang/ko.res" 1286
"../../../Engine/Content/Internationalization/icudt64l/region/ko_KP.res" 1287
"../../../Engine/Content/Internationalization/icudt64l/region/ko.res" 1288
"../../../Engine/Content/Internationalization/icudt64l/lang/kok.res" 1289
"../../../Engine/Content/Internationalization/icudt64l/region/kok.res" 1290
"../../../Engine/Content/Internationalization/icudt64l/lang/ks.res" 1291
"../../../Engine/Content/Internationalization/icudt64l/region/ks.res" 1292
"../../../Engine/Content/Internationalization/icudt64l/lang/ksb.res" 1293
"../../../Engine/Content/Internationalization/icudt64l/region/ksb.res" 1294
"../../../Engine/Content/Internationalization/icudt64l/lang/ksf.res" 1295
"../../../Engine/Content/Internationalization/icudt64l/region/ksf.res" 1296
"../../../Engine/Content/Internationalization/icudt64l/lang/ksh.res" 1297
"../../../Engine/Content/Internationalization/icudt64l/region/ksh.res" 1298
"../../../Engine/Content/Internationalization/icudt64l/lang/ku.res" 1299
"../../../Engine/Content/Internationalization/icudt64l/region/ku.res" 1300
"../../../Engine/Content/Internationalization/icudt64l/lang/kw.res" 1301
"../../../Engine/Content/Internationalization/icudt64l/region/kw.res" 1302
"../../../Engine/Content/Internationalization/icudt64l/lang/ky.res" 1303
"../../../Engine/Content/Internationalization/icudt64l/region/ky.res" 1304
"../../../Engine/Content/Internationalization/icudt64l/lang/lag.res" 1305
"../../../Engine/Content/Internationalization/icudt64l/region/lag.res" 1306
"../../../Engine/Content/Internationalization/icudt64l/lang/lb.res" 1307
"../../../Engine/Content/Internationalization/icudt64l/region/lb.res" 1308
"../../../Engine/Content/Internationalization/icudt64l/lang/lg.res" 1309
"../../../Engine/Content/Internationalization/icudt64l/region/lg.res" 1310
"../../../Engine/Content/Internationalization/icudt64l/lang/lkt.res" 1311
"../../../Engine/Content/Internationalization/icudt64l/region/lkt.res" 1312
"../../../Engine/Content/Internationalization/icudt64l/lang/ln.res" 1313
"../../../Engine/Content/Internationalization/icudt64l/region/ln.res" 1314
"../../../Engine/Content/Internationalization/icudt64l/lang/lo.res" 1315
"../../../Engine/Content/Internationalization/icudt64l/region/lo.res" 1316
"../../../Engine/Content/Internationalization/icudt64l/lang/lrc.res" 1317
"../../../Engine/Content/Internationalization/icudt64l/region/lrc.res" 1318
"../../../Engine/Content/Internationalization/icudt64l/lang/lt.res" 1319
"../../../Engine/Content/Internationalization/icudt64l/region/lt.res" 1320
"../../../Engine/Content/Internationalization/icudt64l/lang/lu.res" 1321
"../../../Engine/Content/Internationalization/icudt64l/region/lu.res" 1322
"../../../Engine/Content/Internationalization/icudt64l/lang/luo.res" 1323
"../../../Engine/Content/Internationalization/icudt64l/region/luo.res" 1324
"../../../Engine/Content/Internationalization/icudt64l/lang/luy.res" 1325
"../../../Engine/Content/Internationalization/icudt64l/region/luy.res" 1326
"../../../Engine/Content/Internationalization/icudt64l/lang/lv.res" 1327
"../../../Engine/Content/Internationalization/icudt64l/region/lv.res" 1328
"../../../Engine/Content/Internationalization/icudt64l/lang/mas.res" 1329
"../../../Engine/Content/Internationalization/icudt64l/region/mas.res" 1330
"../../../Engine/Content/Internationalization/icudt64l/lang/mer.res" 1331
"../../../Engine/Content/Internationalization/icudt64l/region/mer.res" 1332
"../../../Engine/Content/Internationalization/icudt64l/lang/mfe.res" 1333
"../../../Engine/Content/Internationalization/icudt64l/region/mfe.res" 1334
"../../../Engine/Content/Internationalization/icudt64l/lang/mg.res" 1335
"../../../Engine/Content/Internationalization/icudt64l/region/mg.res" 1336
"../../../Engine/Content/Internationalization/icudt64l/lang/mgh.res" 1337
"../../../Engine/Content/Internationalization/icudt64l/region/mgh.res" 1338
"../../../Engine/Content/Internationalization/icudt64l/lang/mgo.res" 1339
"../../../Engine/Content/Internationalization/icudt64l/region/mgo.res" 1340
"../../../Engine/Content/Internationalization/icudt64l/lang/mi.res" 1341
"../../../Engine/Content/Internationalization/icudt64l/region/mi.res" 1342
"../../../Engine/Content/Internationalization/icudt64l/lang/mk.res" 1343
"../../../Engine/Content/Internationalization/icudt64l/region/mk.res" 1344
"../../../Engine/Content/Internationalization/icudt64l/lang/ml.res" 1345
"../../../Engine/Content/Internationalization/icudt64l/region/ml.res" 1346
"../../../Engine/Content/Internationalization/icudt64l/lang/mn.res" 1347
"../../../Engine/Content/Internationalization/icudt64l/region/mn.res" 1348
"../../../Engine/Content/Internationalization/icudt64l/lang/mr.res" 1349
"../../../Engine/Content/Internationalization/icudt64l/region/mr.res" 1350
"../../../Engine/Content/Internationalization/icudt64l/lang/ms.res" 1351
"../../../Engine/Content/Internationalization/icudt64l/region/ms.res" 1352
"../../../Engine/Content/Internationalization/icudt64l/lang/mt.res" 1353
"../../../Engine/Content/Internationalization/icudt64l/region/mt.res" 1354
"../../../Engine/Content/Internationalization/icudt64l/lang/mua.res" 1355
"../../../Engine/Content/Internationalization/icudt64l/region/mua.res" 1356
"../../../Engine/Content/Internationalization/icudt64l/lang/my.res" 1357
"../../../Engine/Content/Internationalization/icudt64l/region/my.res" 1358
"../../../Engine/Content/Internationalization/icudt64l/lang/mzn.res" 1359
"../../../Engine/Content/Internationalization/icudt64l/region/mzn.res" 1360
"../../../Engine/Content/Internationalization/icudt64l/lang/naq.res" 1361
"../../../Engine/Content/Internationalization/icudt64l/region/naq.res" 1362
"../../../Engine/Content/Internationalization/icudt64l/lang/nb.res" 1363
"../../../Engine/Content/Internationalization/icudt64l/lang/nb_NO.res" 1364
"../../../Engine/Content/Internationalization/icudt64l/region/nb_NO.res" 1365
"../../../Engine/Content/Internationalization/icudt64l/region/nb.res" 1366
"../../../Engine/Content/Internationalization/icudt64l/lang/nd.res" 1367
"../../../Engine/Content/Internationalization/icudt64l/region/nd.res" 1368
"../../../Engine/Content/Internationalization/icudt64l/lang/nds.res" 1369
"../../../Engine/Content/Internationalization/icudt64l/region/nds.res" 1370
"../../../Engine/Content/Internationalization/icudt64l/lang/ne.res" 1371
"../../../Engine/Content/Internationalization/icudt64l/region/ne.res" 1372
"../../../Engine/Content/Internationalization/icudt64l/lang/nl.res" 1373
"../../../Engine/Content/Internationalization/icudt64l/region/nl.res" 1374
"../../../Engine/Content/Internationalization/icudt64l/lang/nmg.res" 1375
"../../../Engine/Content/Internationalization/icudt64l/region/nmg.res" 1376
"../../../Engine/Content/Internationalization/icudt64l/lang/nn.res" 1377
"../../../Engine/Content/Internationalization/icudt64l/lang/nn_NO.res" 1378
"../../../Engine/Content/Internationalization/icudt64l/region/nn_NO.res" 1379
"../../../Engine/Content/Internationalization/icudt64l/region/nn.res" 1380
"../../../Engine/Content/Internationalization/icudt64l/lang/nnh.res" 1381
"../../../Engine/Content/Internationalization/icudt64l/region/nnh.res" 1382
"../../../Engine/Content/Internationalization/icudt64l/lang/nus.res" 1383
"../../../Engine/Content/Internationalization/icudt64l/region/nus.res" 1384
"../../../Engine/Content/Internationalization/icudt64l/lang/nyn.res" 1385
"../../../Engine/Content/Internationalization/icudt64l/region/nyn.res" 1386
"../../../Engine/Content/Internationalization/icudt64l/lang/om.res" 1387
"../../../Engine/Content/Internationalization/icudt64l/region/om.res" 1388
"../../../Engine/Content/Internationalization/icudt64l/lang/or.res" 1389
"../../../Engine/Content/Internationalization/icudt64l/region/or.res" 1390
"../../../Engine/Content/Internationalization/icudt64l/lang/os.res" 1391
"../../../Engine/Content/Internationalization/icudt64l/region/os.res" 1392
"../../../Engine/Content/Internationalization/icudt64l/lang/pa.res" 1393
"../../../Engine/Content/Internationalization/icudt64l/lang/pa_Arab.res" 1394
"../../../Engine/Content/Internationalization/icudt64l/lang/pa_PK.res" 1395
"../../../Engine/Content/Internationalization/icudt64l/lang/pa_Arab_PK.res" 1396
"../../../Engine/Content/Internationalization/icudt64l/region/pa_PK.res" 1397
"../../../Engine/Content/Internationalization/icudt64l/region/pa_Arab_PK.res" 1398
"../../../Engine/Content/Internationalization/icudt64l/region/pa_Arab.res" 1399
"../../../Engine/Content/Internationalization/icudt64l/lang/pa_Guru.res" 1400
"../../../Engine/Content/Internationalization/icudt64l/lang/pa_IN.res" 1401
"../../../Engine/Content/Internationalization/icudt64l/lang/pa_Guru_IN.res" 1402
"../../../Engine/Content/Internationalization/icudt64l/region/pa_IN.res" 1403
"../../../Engine/Content/Internationalization/icudt64l/region/pa_Guru_IN.res" 1404
"../../../Engine/Content/Internationalization/icudt64l/region/pa_Guru.res" 1405
"../../../Engine/Content/Internationalization/icudt64l/region/pa.res" 1406
"../../../Engine/Content/Internationalization/icudt64l/lang/pl.res" 1407
"../../../Engine/Content/Internationalization/icudt64l/region/pl.res" 1408
"../../../Engine/Content/Internationalization/icudt64l/lang/ps.res" 1409
"../../../Engine/Content/Internationalization/icudt64l/region/ps.res" 1410
"../../../Engine/Content/Internationalization/icudt64l/lang/ps_PK.res" 1411
"../../../Engine/Content/Internationalization/icudt64l/region/ps_PK.res" 1412
"../../../Engine/Content/Internationalization/icudt64l/lang/pt.res" 1413
"../../../Engine/Content/Internationalization/icudt64l/lang/pt_AO.res" 1414
"../../../Engine/Content/Internationalization/icudt64l/lang/pt_PT.res" 1415
"../../../Engine/Content/Internationalization/icudt64l/region/pt_AO.res" 1416
"../../../Engine/Content/Internationalization/icudt64l/region/pt_PT.res" 1417
"../../../Engine/Content/Internationalization/icudt64l/region/pt.res" 1418
"../../../Engine/Content/Internationalization/icudt64l/lang/pt_CH.res" 1419
"../../../Engine/Content/Internationalization/icudt64l/region/pt_CH.res" 1420
"../../../Engine/Content/Internationalization/icudt64l/lang/pt_CV.res" 1421
"../../../Engine/Content/Internationalization/icudt64l/region/pt_CV.res" 1422
"../../../Engine/Content/Internationalization/icudt64l/lang/pt_GQ.res" 1423
"../../../Engine/Content/Internationalization/icudt64l/region/pt_GQ.res" 1424
"../../../Engine/Content/Internationalization/icudt64l/lang/pt_GW.res" 1425
"../../../Engine/Content/Internationalization/icudt64l/region/pt_GW.res" 1426
"../../../Engine/Content/Internationalization/icudt64l/lang/pt_LU.res" 1427
"../../../Engine/Content/Internationalization/icudt64l/region/pt_LU.res" 1428
"../../../Engine/Content/Internationalization/icudt64l/lang/pt_MO.res" 1429
"../../../Engine/Content/Internationalization/icudt64l/region/pt_MO.res" 1430
"../../../Engine/Content/Internationalization/icudt64l/lang/pt_MZ.res" 1431
"../../../Engine/Content/Internationalization/icudt64l/region/pt_MZ.res" 1432
"../../../Engine/Content/Internationalization/icudt64l/lang/pt_ST.res" 1433
"../../../Engine/Content/Internationalization/icudt64l/region/pt_ST.res" 1434
"../../../Engine/Content/Internationalization/icudt64l/lang/pt_TL.res" 1435
"../../../Engine/Content/Internationalization/icudt64l/region/pt_TL.res" 1436
"../../../Engine/Content/Internationalization/icudt64l/lang/qu.res" 1437
"../../../Engine/Content/Internationalization/icudt64l/region/qu.res" 1438
"../../../Engine/Content/Internationalization/icudt64l/lang/rm.res" 1439
"../../../Engine/Content/Internationalization/icudt64l/region/rm.res" 1440
"../../../Engine/Content/Internationalization/icudt64l/lang/rn.res" 1441
"../../../Engine/Content/Internationalization/icudt64l/region/rn.res" 1442
"../../../Engine/Content/Internationalization/icudt64l/lang/ro.res" 1443
"../../../Engine/Content/Internationalization/icudt64l/lang/ro_MD.res" 1444
"../../../Engine/Content/Internationalization/icudt64l/region/ro_MD.res" 1445
"../../../Engine/Content/Internationalization/icudt64l/region/ro.res" 1446
"../../../Engine/Content/Internationalization/icudt64l/lang/rof.res" 1447
"../../../Engine/Content/Internationalization/icudt64l/region/rof.res" 1448
"../../../Engine/Content/Internationalization/icudt64l/lang/ru.res" 1449
"../../../Engine/Content/Internationalization/icudt64l/region/ru.res" 1450
"../../../Engine/Content/Internationalization/icudt64l/region/ru_UA.res" 1451
"../../../Engine/Content/Internationalization/icudt64l/lang/rw.res" 1452
"../../../Engine/Content/Internationalization/icudt64l/region/rw.res" 1453
"../../../Engine/Content/Internationalization/icudt64l/lang/rwk.res" 1454
"../../../Engine/Content/Internationalization/icudt64l/region/rwk.res" 1455
"../../../Engine/Content/Internationalization/icudt64l/lang/sah.res" 1456
"../../../Engine/Content/Internationalization/icudt64l/region/sah.res" 1457
"../../../Engine/Content/Internationalization/icudt64l/lang/saq.res" 1458
"../../../Engine/Content/Internationalization/icudt64l/region/saq.res" 1459
"../../../Engine/Content/Internationalization/icudt64l/lang/sbp.res" 1460
"../../../Engine/Content/Internationalization/icudt64l/region/sbp.res" 1461
"../../../Engine/Content/Internationalization/icudt64l/lang/sd.res" 1462
"../../../Engine/Content/Internationalization/icudt64l/region/sd.res" 1463
"../../../Engine/Content/Internationalization/icudt64l/lang/se.res" 1464
"../../../Engine/Content/Internationalization/icudt64l/lang/se_FI.res" 1465
"../../../Engine/Content/Internationalization/icudt64l/region/se_FI.res" 1466
"../../../Engine/Content/Internationalization/icudt64l/region/se.res" 1467
"../../../Engine/Content/Internationalization/icudt64l/lang/seh.res" 1468
"../../../Engine/Content/Internationalization/icudt64l/region/seh.res" 1469
"../../../Engine/Content/Internationalization/icudt64l/lang/ses.res" 1470
"../../../Engine/Content/Internationalization/icudt64l/region/ses.res" 1471
"../../../Engine/Content/Internationalization/icudt64l/lang/sg.res" 1472
"../../../Engine/Content/Internationalization/icudt64l/region/sg.res" 1473
"../../../Engine/Content/Internationalization/icudt64l/lang/shi.res" 1474
"../../../Engine/Content/Internationalization/icudt64l/lang/shi_Latn.res" 1475
"../../../Engine/Content/Internationalization/icudt64l/lang/shi_MA.res" 1476
"../../../Engine/Content/Internationalization/icudt64l/lang/shi_Tfng_MA.res" 1477
"../../../Engine/Content/Internationalization/icudt64l/lang/shi_Tfng.res" 1478
"../../../Engine/Content/Internationalization/icudt64l/region/shi_MA.res" 1479
"../../../Engine/Content/Internationalization/icudt64l/region/shi_Tfng_MA.res" 1480
"../../../Engine/Content/Internationalization/icudt64l/region/shi_Tfng.res" 1481
"../../../Engine/Content/Internationalization/icudt64l/region/shi.res" 1482
"../../../Engine/Content/Internationalization/icudt64l/region/shi_Latn.res" 1483
"../../../Engine/Content/Internationalization/icudt64l/lang/si.res" 1484
"../../../Engine/Content/Internationalization/icudt64l/region/si.res" 1485
"../../../Engine/Content/Internationalization/icudt64l/lang/sk.res" 1486
"../../../Engine/Content/Internationalization/icudt64l/region/sk.res" 1487
"../../../Engine/Content/Internationalization/icudt64l/lang/sl.res" 1488
"../../../Engine/Content/Internationalization/icudt64l/region/sl.res" 1489
"../../../Engine/Content/Internationalization/icudt64l/lang/smn.res" 1490
"../../../Engine/Content/Internationalization/icudt64l/region/smn.res" 1491
"../../../Engine/Content/Internationalization/icudt64l/lang/sn.res" 1492
"../../../Engine/Content/Internationalization/icudt64l/region/sn.res" 1493
"../../../Engine/Content/Internationalization/icudt64l/lang/so.res" 1494
"../../../Engine/Content/Internationalization/icudt64l/region/so.res" 1495
"../../../Engine/Content/Internationalization/icudt64l/lang/sq.res" 1496
"../../../Engine/Content/Internationalization/icudt64l/region/sq.res" 1497
"../../../Engine/Content/Internationalization/icudt64l/lang/sr.res" 1498
"../../../Engine/Content/Internationalization/icudt64l/lang/sr_Cyrl.res" 1499
"../../../Engine/Content/Internationalization/icudt64l/lang/sr_BA.res" 1500
"../../../Engine/Content/Internationalization/icudt64l/lang/sr_Cyrl_BA.res" 1501
"../../../Engine/Content/Internationalization/icudt64l/region/sr_BA.res" 1502
"../../../Engine/Content/Internationalization/icudt64l/region/sr_Cyrl_BA.res" 1503
"../../../Engine/Content/Internationalization/icudt64l/region/sr_Cyrl.res" 1504
"../../../Engine/Content/Internationalization/icudt64l/region/sr.res" 1505
"../../../Engine/Content/Internationalization/icudt64l/lang/sr_ME.res" 1506
"../../../Engine/Content/Internationalization/icudt64l/lang/sr_Latn_ME.res" 1507
"../../../Engine/Content/Internationalization/icudt64l/lang/sr_Latn.res" 1508
"../../../Engine/Content/Internationalization/icudt64l/region/sr_ME.res" 1509
"../../../Engine/Content/Internationalization/icudt64l/region/sr_Latn_ME.res" 1510
"../../../Engine/Content/Internationalization/icudt64l/region/sr_Latn.res" 1511
"../../../Engine/Content/Internationalization/icudt64l/lang/sr_Cyrl_ME.res" 1512
"../../../Engine/Content/Internationalization/icudt64l/region/sr_Cyrl_ME.res" 1513
"../../../Engine/Content/Internationalization/icudt64l/lang/sr_RS.res" 1514
"../../../Engine/Content/Internationalization/icudt64l/lang/sr_Cyrl_RS.res" 1515
"../../../Engine/Content/Internationalization/icudt64l/region/sr_RS.res" 1516
"../../../Engine/Content/Internationalization/icudt64l/region/sr_Cyrl_RS.res" 1517
"../../../Engine/Content/Internationalization/icudt64l/lang/sr_XK.res" 1518
"../../../Engine/Content/Internationalization/icudt64l/lang/sr_Cyrl_XK.res" 1519
"../../../Engine/Content/Internationalization/icudt64l/region/sr_XK.res" 1520
"../../../Engine/Content/Internationalization/icudt64l/region/sr_Cyrl_XK.res" 1521
"../../../Engine/Content/Internationalization/icudt64l/lang/sr_Latn_BA.res" 1522
"../../../Engine/Content/Internationalization/icudt64l/region/sr_Latn_BA.res" 1523
"../../../Engine/Content/Internationalization/icudt64l/lang/sr_Latn_RS.res" 1524
"../../../Engine/Content/Internationalization/icudt64l/region/sr_Latn_RS.res" 1525
"../../../Engine/Content/Internationalization/icudt64l/lang/sr_Latn_XK.res" 1526
"../../../Engine/Content/Internationalization/icudt64l/region/sr_Latn_XK.res" 1527
"../../../Engine/Content/Internationalization/icudt64l/lang/sv.res" 1528
"../../../Engine/Content/Internationalization/icudt64l/region/sv.res" 1529
"../../../Engine/Content/Internationalization/icudt64l/lang/sv_FI.res" 1530
"../../../Engine/Content/Internationalization/icudt64l/lang/sw.res" 1531
"../../../Engine/Content/Internationalization/icudt64l/lang/sw_CD.res" 1532
"../../../Engine/Content/Internationalization/icudt64l/region/sw_CD.res" 1533
"../../../Engine/Content/Internationalization/icudt64l/region/sw.res" 1534
"../../../Engine/Content/Internationalization/icudt64l/lang/sw_KE.res" 1535
"../../../Engine/Content/Internationalization/icudt64l/region/sw_KE.res" 1536
"../../../Engine/Content/Internationalization/icudt64l/lang/ta.res" 1537
"../../../Engine/Content/Internationalization/icudt64l/region/ta.res" 1538
"../../../Engine/Content/Internationalization/icudt64l/lang/te.res" 1539
"../../../Engine/Content/Internationalization/icudt64l/region/te.res" 1540
"../../../Engine/Content/Internationalization/icudt64l/lang/teo.res" 1541
"../../../Engine/Content/Internationalization/icudt64l/region/teo.res" 1542
"../../../Engine/Content/Internationalization/icudt64l/lang/tg.res" 1543
"../../../Engine/Content/Internationalization/icudt64l/region/tg.res" 1544
"../../../Engine/Content/Internationalization/icudt64l/lang/th.res" 1545
"../../../Engine/Content/Internationalization/icudt64l/lang/th_TH.res" 1546
"../../../Engine/Content/Internationalization/icudt64l/region/th_TH.res" 1547
"../../../Engine/Content/Internationalization/icudt64l/region/th.res" 1548
"../../../Engine/Content/Internationalization/icudt64l/lang/ti.res" 1549
"../../../Engine/Content/Internationalization/icudt64l/region/ti.res" 1550
"../../../Engine/Content/Internationalization/icudt64l/lang/tk.res" 1551
"../../../Engine/Content/Internationalization/icudt64l/region/tk.res" 1552
"../../../Engine/Content/Internationalization/icudt64l/lang/to.res" 1553
"../../../Engine/Content/Internationalization/icudt64l/region/to.res" 1554
"../../../Engine/Content/Internationalization/icudt64l/lang/tr.res" 1555
"../../../Engine/Content/Internationalization/icudt64l/region/tr.res" 1556
"../../../Engine/Content/Internationalization/icudt64l/lang/tt.res" 1557
"../../../Engine/Content/Internationalization/icudt64l/region/tt.res" 1558
"../../../Engine/Content/Internationalization/icudt64l/lang/twq.res" 1559
"../../../Engine/Content/Internationalization/icudt64l/region/twq.res" 1560
"../../../Engine/Content/Internationalization/icudt64l/lang/tzm.res" 1561
"../../../Engine/Content/Internationalization/icudt64l/region/tzm.res" 1562
"../../../Engine/Content/Internationalization/icudt64l/lang/ug.res" 1563
"../../../Engine/Content/Internationalization/icudt64l/region/ug.res" 1564
"../../../Engine/Content/Internationalization/icudt64l/lang/uk.res" 1565
"../../../Engine/Content/Internationalization/icudt64l/region/uk.res" 1566
"../../../Engine/Content/Internationalization/icudt64l/lang/ur.res" 1567
"../../../Engine/Content/Internationalization/icudt64l/lang/ur_IN.res" 1568
"../../../Engine/Content/Internationalization/icudt64l/region/ur_IN.res" 1569
"../../../Engine/Content/Internationalization/icudt64l/region/ur.res" 1570
"../../../Engine/Content/Internationalization/icudt64l/lang/uz.res" 1571
"../../../Engine/Content/Internationalization/icudt64l/lang/uz_Arab.res" 1572
"../../../Engine/Content/Internationalization/icudt64l/lang/uz_AF.res" 1573
"../../../Engine/Content/Internationalization/icudt64l/lang/uz_Arab_AF.res" 1574
"../../../Engine/Content/Internationalization/icudt64l/region/uz_AF.res" 1575
"../../../Engine/Content/Internationalization/icudt64l/region/uz_Arab_AF.res" 1576
"../../../Engine/Content/Internationalization/icudt64l/region/uz_Arab.res" 1577
"../../../Engine/Content/Internationalization/icudt64l/lang/uz_Cyrl.res" 1578
"../../../Engine/Content/Internationalization/icudt64l/lang/uz_UZ.res" 1579
"../../../Engine/Content/Internationalization/icudt64l/lang/uz_Latn_UZ.res" 1580
"../../../Engine/Content/Internationalization/icudt64l/lang/uz_Latn.res" 1581
"../../../Engine/Content/Internationalization/icudt64l/region/uz_UZ.res" 1582
"../../../Engine/Content/Internationalization/icudt64l/region/uz_Latn_UZ.res" 1583
"../../../Engine/Content/Internationalization/icudt64l/region/uz_Latn.res" 1584
"../../../Engine/Content/Internationalization/icudt64l/region/uz.res" 1585
"../../../Engine/Content/Internationalization/icudt64l/region/uz_Cyrl.res" 1586
"../../../Engine/Content/Internationalization/icudt64l/lang/vai.res" 1587
"../../../Engine/Content/Internationalization/icudt64l/lang/vai_Latn.res" 1588
"../../../Engine/Content/Internationalization/icudt64l/lang/vai_LR.res" 1589
"../../../Engine/Content/Internationalization/icudt64l/lang/vai_Vaii_LR.res" 1590
"../../../Engine/Content/Internationalization/icudt64l/lang/vai_Vaii.res" 1591
"../../../Engine/Content/Internationalization/icudt64l/region/vai_LR.res" 1592
"../../../Engine/Content/Internationalization/icudt64l/region/vai_Vaii_LR.res" 1593
"../../../Engine/Content/Internationalization/icudt64l/region/vai_Vaii.res" 1594
"../../../Engine/Content/Internationalization/icudt64l/region/vai.res" 1595
"../../../Engine/Content/Internationalization/icudt64l/region/vai_Latn.res" 1596
"../../../Engine/Content/Internationalization/icudt64l/lang/vi.res" 1597
"../../../Engine/Content/Internationalization/icudt64l/region/vi.res" 1598
"../../../Engine/Content/Internationalization/icudt64l/lang/vun.res" 1599
"../../../Engine/Content/Internationalization/icudt64l/region/vun.res" 1600
"../../../Engine/Content/Internationalization/icudt64l/lang/wae.res" 1601
"../../../Engine/Content/Internationalization/icudt64l/region/wae.res" 1602
"../../../Engine/Content/Internationalization/icudt64l/lang/wo.res" 1603
"../../../Engine/Content/Internationalization/icudt64l/region/wo.res" 1604
"../../../Engine/Content/Internationalization/icudt64l/lang/xh.res" 1605
"../../../Engine/Content/Internationalization/icudt64l/region/xh.res" 1606
"../../../Engine/Content/Internationalization/icudt64l/lang/xog.res" 1607
"../../../Engine/Content/Internationalization/icudt64l/region/xog.res" 1608
"../../../Engine/Content/Internationalization/icudt64l/lang/yav.res" 1609
"../../../Engine/Content/Internationalization/icudt64l/region/yav.res" 1610
"../../../Engine/Content/Internationalization/icudt64l/lang/yi.res" 1611
"../../../Engine/Content/Internationalization/icudt64l/region/yi.res" 1612
"../../../Engine/Content/Internationalization/icudt64l/lang/yo.res" 1613
"../../../Engine/Content/Internationalization/icudt64l/lang/yo_BJ.res" 1614
"../../../Engine/Content/Internationalization/icudt64l/region/yo_BJ.res" 1615
"../../../Engine/Content/Internationalization/icudt64l/region/yo.res" 1616
"../../../Engine/Content/Internationalization/icudt64l/lang/yue.res" 1617
"../../../Engine/Content/Internationalization/icudt64l/lang/yue_Hans.res" 1618
"../../../Engine/Content/Internationalization/icudt64l/lang/yue_CN.res" 1619
"../../../Engine/Content/Internationalization/icudt64l/lang/yue_Hans_CN.res" 1620
"../../../Engine/Content/Internationalization/icudt64l/region/yue_CN.res" 1621
"../../../Engine/Content/Internationalization/icudt64l/region/yue_Hans_CN.res" 1622
"../../../Engine/Content/Internationalization/icudt64l/region/yue_Hans.res" 1623
"../../../Engine/Content/Internationalization/icudt64l/lang/yue_Hant.res" 1624
"../../../Engine/Content/Internationalization/icudt64l/lang/yue_HK.res" 1625
"../../../Engine/Content/Internationalization/icudt64l/lang/yue_Hant_HK.res" 1626
"../../../Engine/Content/Internationalization/icudt64l/region/yue_HK.res" 1627
"../../../Engine/Content/Internationalization/icudt64l/region/yue_Hant_HK.res" 1628
"../../../Engine/Content/Internationalization/icudt64l/region/yue_Hant.res" 1629
"../../../Engine/Content/Internationalization/icudt64l/region/yue.res" 1630
"../../../Engine/Content/Internationalization/icudt64l/lang/zgh.res" 1631
"../../../Engine/Content/Internationalization/icudt64l/region/zgh.res" 1632
"../../../Engine/Content/Internationalization/icudt64l/lang/zh.res" 1633
"../../../Engine/Content/Internationalization/icudt64l/lang/zh_Hans.res" 1634
"../../../Engine/Content/Internationalization/icudt64l/lang/zh_CN.res" 1635
"../../../Engine/Content/Internationalization/icudt64l/lang/zh_Hans_CN.res" 1636
"../../../Engine/Content/Internationalization/icudt64l/region/zh_CN.res" 1637
"../../../Engine/Content/Internationalization/icudt64l/region/zh_Hans_CN.res" 1638
"../../../Engine/Content/Internationalization/icudt64l/region/zh_Hans.res" 1639
"../../../Engine/Content/Internationalization/icudt64l/region/zh.res" 1640
"../../../Engine/Content/Internationalization/icudt64l/lang/zh_HK.res" 1641
"../../../Engine/Content/Internationalization/icudt64l/lang/zh_Hant_HK.res" 1642
"../../../Engine/Content/Internationalization/icudt64l/lang/zh_Hant.res" 1643
"../../../Engine/Content/Internationalization/icudt64l/region/zh_HK.res" 1644
"../../../Engine/Content/Internationalization/icudt64l/region/zh_Hant_HK.res" 1645
"../../../Engine/Content/Internationalization/icudt64l/region/zh_Hant.res" 1646
"../../../Engine/Content/Internationalization/icudt64l/lang/zh_MO.res" 1647
"../../../Engine/Content/Internationalization/icudt64l/lang/zh_Hant_MO.res" 1648
"../../../Engine/Content/Internationalization/icudt64l/region/zh_MO.res" 1649
"../../../Engine/Content/Internationalization/icudt64l/region/zh_Hant_MO.res" 1650
"../../../Engine/Content/Internationalization/icudt64l/lang/zh_SG.res" 1651
"../../../Engine/Content/Internationalization/icudt64l/lang/zh_Hans_SG.res" 1652
"../../../Engine/Content/Internationalization/icudt64l/region/zh_SG.res" 1653
"../../../Engine/Content/Internationalization/icudt64l/region/zh_Hans_SG.res" 1654
"../../../Engine/Content/Internationalization/icudt64l/lang/zh_TW.res" 1655
"../../../Engine/Content/Internationalization/icudt64l/lang/zh_Hant_TW.res" 1656
"../../../Engine/Content/Internationalization/icudt64l/region/zh_TW.res" 1657
"../../../Engine/Content/Internationalization/icudt64l/region/zh_Hant_TW.res" 1658
"../../../Engine/Content/Internationalization/icudt64l/lang/zu.res" 1659
"../../../Engine/Content/Internationalization/icudt64l/region/zu.res" 1660
"../../../Engine/Content/Internationalization/icudt64l/lang/no.res" 1661
"../../../Engine/Content/Internationalization/icudt64l/lang/tl.res" 1662
"../../../Engine/Config/Android/DataDrivenPlatformInfo.ini" 1663
"../../../Engine/Config/HoloLens/DataDrivenPlatformInfo.ini" 1664
"../../../Engine/Config/IOS/DataDrivenPlatformInfo.ini" 1665
"../../../Engine/Config/Linux/DataDrivenPlatformInfo.ini" 1666
"../../../Engine/Config/LinuxArm64/DataDrivenPlatformInfo.ini" 1667
"../../../Engine/Config/Mac/DataDrivenPlatformInfo.ini" 1668
"../../../Engine/Config/TVOS/DataDrivenPlatformInfo.ini" 1669
"../../../Engine/Config/Unix/DataDrivenPlatformInfo.ini" 1670
"../../../Engine/Config/VulkanPC/DataDrivenPlatformInfo.ini" 1671
"../../../Engine/Config/Windows/DataDrivenPlatformInfo.ini" 1672
"../../../Engine/DerivedDataCache/Compressed.ddp" 1673
"C:/Users/James Robertson/AppData/Local/UnrealEngine/Common/DerivedDataCache/TestData/0/TestData_4kb.dat" 1674
"C:/Users/James Robertson/AppData/Local/UnrealEngine/Common/DerivedDataCache/TestData/1/TestData_4kb.dat" 1675
"C:/Users/James Robertson/AppData/Local/UnrealEngine/Common/DerivedDataCache/TestData/0/TestData_8kb.dat" 1676
"C:/Users/James Robertson/AppData/Local/UnrealEngine/Common/DerivedDataCache/TestData/1/TestData_8kb.dat" 1677
"C:/Users/James Robertson/AppData/Local/UnrealEngine/Common/DerivedDataCache/TestData/0/TestData_16kb.dat" 1678
"C:/Users/James Robertson/AppData/Local/UnrealEngine/Common/DerivedDataCache/TestData/1/TestData_16kb.dat" 1679
"C:/Users/James Robertson/AppData/Local/UnrealEngine/Common/DerivedDataCache/TestData/0/TestData_64kb.dat" 1680
"C:/Users/James Robertson/AppData/Local/UnrealEngine/Common/DerivedDataCache/TestData/1/TestData_64kb.dat" 1681
"C:/Users/James Robertson/AppData/Local/UnrealEngine/Common/DerivedDataCache/TestData/0/TestData_128kb.dat" 1682
"C:/Users/James Robertson/AppData/Local/UnrealEngine/Common/DerivedDataCache/TestData/1/TestData_128kb.dat" 1683
"C:/Users/James Robertson/AppData/Local/UnrealEngine/Common/DerivedDataCache/TestData/0/TestData_256kb.dat" 1684
"C:/Users/James Robertson/AppData/Local/UnrealEngine/Common/DerivedDataCache/TestData/1/TestData_256kb.dat" 1685
"../../../Engine/Plugins/FX/Niagara/Shaders/Private/NiagaraSpriteVertexFactory.ush" 1686
"../../../Engine/Shaders/Private/VertexFactoryCommon.ush" 1687
"../../../Engine/Shaders/Private/Common.ush" 1688
"../../../Engine/Shaders/Public/Platform.ush" 1689
"../../../Engine/Shaders/Public/FP16Math.ush" 1690
"../../../Engine/Shaders/Public/Platform/D3D/D3DCommon.ush" 1691
"../../../Engine/Shaders/Public/BindlessResources.ush" 1692
"../../../Engine/Shaders/Public/ShaderVersion.ush" 1693
"../../../Engine/Shaders/Private/GeneratedUniformBufferTypes.ush" 1694
"../../../Engine/Shaders/Private/Nanite/NanitePackedNaniteView.ush" 1695
"../../../Engine/Shaders/Private/HairStrands/HairStrandsVisibilityCommonStruct.ush" 1696
"../../../Engine/Shaders/Private/HairStrands/HairStrandsVoxelPageCommonStruct.ush" 1697
"../../../Engine/Shaders/Private/HairStrands/HairStrandsDeepShadowCommonStruct.ush" 1698
"../../../Engine/Shaders/Private/CommonViewUniformBuffer.ush" 1699
"../../../Engine/Shaders/Private/LargeWorldCoordinates.ush" 1700
"../../../Engine/Shaders/Private/LWCOperations.ush" 1701
"../../../Engine/Shaders/Private/InstancedStereo.ush" 1702
"../../../Engine/Shaders/Private/Definitions.usf" 1703
"../../../Engine/Shaders/Private/AssertionMacros.ush" 1704
"../../../Engine/Shaders/Private/FastMath.ush" 1705
"../../../Engine/Shaders/Private/FastMathThirdParty.ush" 1706
"../../../Engine/Shaders/Private/Random.ush" 1707
"../../../Engine/Shaders/Private/SceneData.ush" 1708
"../../../Engine/Shaders/Private/OctahedralCommon.ush" 1709
"../../../Engine/Shaders/Private/ParticleVertexFactoryCommon.ush" 1710
"../../../Engine/Plugins/FX/Niagara/Shaders/Private/NiagaraVFCommon.usf" 1711
"../../../Engine/Plugins/FX/Niagara/Shaders/Private/NiagaraVFParticleAccess.usf" 1712
"../../../Engine/Plugins/FX/Niagara/Shaders/Private/NiagaraParticleAccess.ush" 1713
"../../../Engine/Shaders/Private/VertexFactoryDefaultInterface.ush" 1714
"../../../Engine/Plugins/FX/Niagara/Shaders/Private/NiagaraRibbonVertexFactory.ush" 1715
"../../../Engine/Plugins/FX/Niagara/Shaders/Private/NiagaraMeshVertexFactory.ush" 1716
"../../../Engine/Plugins/FX/Niagara/Shaders/Private/NiagaraCommon.ush" 1717
"../../../Engine/Plugins/FX/Niagara/Shaders/Private/NiagaraMeshParticleUtils.ush" 1718
"../../../Engine/Shaders/Private/RayTracing/RayTracingCommon.ush" 1719
"../../../Engine/Shaders/Private/ShadingCommon.ush" 1720
"../../../Engine/Shaders/Shared/RayTracingDefinitions.h" 1721
"../../../Engine/Shaders/Private/Strata/Strata.ush" 1722
"../../../Engine/Shaders/Private/ShadingEnergyConservation.ush" 1723
"../../../Engine/Shaders/Private/ShadingEnergyConservationTemplate.ush" 1724
"../../../Engine/Shaders/Private/BRDF.ush" 1725
"../../../Engine/Shaders/Private/ColorSpace.ush" 1726
"../../../Engine/Shaders/Private/DeferredShadingCommon.ush" 1727
"../../../Engine/Shaders/Private/LightAccumulator.ush" 1728
"../../../Engine/Shaders/Private/SceneTexturesCommon.ush" 1729
"../../../Engine/Shaders/Private/MonteCarlo.ush" 1730
"../../../Engine/Shaders/Private/GBufferHelpers.ush" 1731
"../../../Engine/Shaders/Private/SceneTextureParameters.ush" 1732
"C:/Users/James Robertson/Documents/Unreal Projects/AT_UE5_OWLS/Intermediate/ShaderAutogen/PCD3D_SM5/AutogenShaderHeaders.ush" 1733
"../../../Engine/Shaders/Private/ParticipatingMediaCommon.ush" 1734
"../../../Engine/Shaders/Private/ThinFilmBSDF.ush" 1735
"../../../Engine/Shaders/Private/MortonCode.ush" 1736
"../../../Engine/Shaders/Private/SubsurfaceProfileCommon.ush" 1737
"../../../Engine/Shaders/Private/BurleyNormalizedSSSCommon.ush" 1738
"../../../Engine/Shaders/Shared/StrataDefinitions.h" 1739
"../../../Engine/Shaders/Private/Strata/StrataStatisticalOperators.ush" 1740
"../../../Engine/Shaders/Private/PositionReconstructionCommon.ush" 1741
"../../../Engine/Shaders/Private/RayTracing/RayTracingHitGroupCommon.ush" 1742
"../../../Engine/Shaders/Shared/RayTracingBuiltInResources.h" 1743
"../../../Engine/Shaders/Private/VectorFieldVisualizationVertexFactory.ush" 1744
"../../../Engine/Shaders/Private/Nanite/NaniteVertexFactory.ush" 1745
"../../../Engine/Shaders/Private/LightmapData.ush" 1746
"../../../Engine/Shaders/Private/Nanite/NaniteDataDecode.ush" 1747
"../../../Engine/Shaders/Private/BitPacking.ush" 1748
"../../../Engine/Shaders/Private/BitStreamReaderImplementation.ush" 1749
"../../../Engine/Shaders/Shared/NaniteDefinitions.h" 1750
"../../../Engine/Shaders/Private/Nanite/NaniteAttributeDecode.ush" 1751
"../../../Engine/Shaders/Public/WaveBroadcastIntrinsics.ush" 1752
"../../../Engine/Shaders/Private/ParticleSpriteVertexFactory.ush" 1753
"../../../Engine/Shaders/Private/ParticleGPUSpriteVertexFactory.ush" 1754
"../../../Engine/Shaders/Private/ParticleBeamTrailVertexFactory.ush" 1755
"../../../Engine/Shaders/Private/MeshParticleVertexFactory.ush" 1756
"../../../Engine/Shaders/Private/LocalVertexFactory.ush" 1757
"../../../Engine/Shaders/Private/LocalVertexFactoryCommon.ush" 1758
"../../../Engine/Shaders/Private/GpuSkinCommon.ush" 1759
"../../../Engine/Shaders/Private/GpuSkinVertexFactory.ush" 1760
"../../../Engine/Shaders/Private/GeometryCollectionVertexFactory.ush" 1761
"../../../Engine/Shaders/Private/GeometryCacheVertexFactory.ush" 1762
"../../../Engine/Shaders/Private/LandscapeVertexFactory.ush" 1763
"../../../Engine/Plugins/Enterprise/GLTFExporter/Shaders/Private/SimpleTexture2DPS.usf" 1764
"../../../Engine/Shaders/Private/SimpleElementNormalMapPixelShader.usf" 1765
"../../../Engine/Plugins/Enterprise/GLTFExporter/Shaders/Private/CubemapFacePS.usf" 1766
"../../../Engine/Plugins/Enterprise/GLTFExporter/Shaders/Private/CombinedTexturePS.usf" 1767
"../../../Engine/Plugins/Media/WmfMedia/Shaders/Private/MediaHardwareVideoDecoding.usf" 1768
"../../../Engine/Shaders/Private/GammaCorrectionCommon.ush" 1769
"../../../Engine/Shaders/Private/ColorUtils.ush" 1770
"../../../Engine/Plugins/Media/ImgMedia/Shaders/Private/ExrSwizzler.usf" 1771
"../../../Engine/Plugins/FX/Niagara/Shaders/Private/NiagaraFillIntBuffer.usf" 1772
"../../../Engine/Plugins/FX/Niagara/Shaders/Private/NiagaraComputeFreeIDs.usf" 1773
"../../../Engine/Plugins/FX/Niagara/Shaders/Private/NiagaraInitFreeIDBuffer.usf" 1774
"../../../Engine/Plugins/FX/Niagara/Shaders/Private/NiagaraEmitterInstanceShader.usf" 1775
"../../../Engine/Plugins/FX/Niagara/Shaders/Private/NiagaraShaderVersion.ush" 1776
"../../../Engine/Shaders/Private/DistanceField/GlobalDistanceFieldShared.ush" 1777
"../../../Engine/Plugins/FX/Niagara/Shaders/Private/NiagaraPhysicsCommon.ush" 1778
"../../../Engine/Plugins/FX/Niagara/Shaders/Private/Ribbons/NiagaraRibbonGenerateIndices.usf" 1779
"../../../Engine/Plugins/FX/Niagara/Shaders/Private/Ribbons/NiagaraRibbonCommon.ush" 1780
"../../../Engine/Plugins/FX/Niagara/Shaders/Private/Ribbons/NiagaraRibbonInitializeIndices.usf" 1781
"../../../Engine/Plugins/FX/Niagara/Shaders/Private/Ribbons/NiagaraRibbonRibbonUVParamCalculation.usf" 1782
"../../../Engine/Plugins/FX/Niagara/Shaders/Private/Ribbons/NiagaraRibbonVertexReductionFinalization.usf" 1783
"../../../Engine/Plugins/FX/Niagara/Shaders/Private/Ribbons/NiagaraRibbonVertexReductionPropagation.usf" 1784
"../../../Engine/Plugins/FX/Niagara/Shaders/Private/Ribbons/NiagaraRibbonVertexReductionInitialization.usf" 1785
"../../../Engine/Plugins/FX/Niagara/Shaders/Private/Ribbons/NiagaraRibbonSortParticles.usf" 1786
"../../../Engine/Plugins/FX/Niagara/Shaders/Private/NiagaraUpdateMeshGPUSceneInstances.usf" 1787
"../../../Engine/Shaders/Private/ComputeShaderUtils.ush" 1788
"../../../Engine/Shaders/Private/GPUScene/GPUSceneWriter.ush" 1789
"../../../Engine/Plugins/FX/Niagara/Shaders/Private/NiagaraGenerateMips.usf" 1790
"../../../Engine/Plugins/FX/Niagara/Shaders/Private/NiagaraDebugDraw.usf" 1791
"../../../Engine/Plugins/FX/Niagara/Shaders/Private/NiagaraDebugDraw.ush" 1792
"../../../Engine/Plugins/FX/Niagara/Shaders/Private/NiagaraVisualizeTexture.usf" 1793
"../../../Engine/Plugins/FX/Niagara/Shaders/Private/NiagaraClearCounts.usf" 1794
"../../../Engine/Plugins/FX/Niagara/Shaders/Private/NiagaraBatchedElements.usf" 1795
"../../../Engine/Plugins/FX/Niagara/Shaders/Private/NiagaraRayTracingShaders.usf" 1796
"../../../Engine/Plugins/FX/Niagara/Shaders/Private/NiagaraAsyncGpuTraceCommon.ush" 1797
"../../../Engine/Shaders/Private/HashTable.ush" 1798
"../../../Engine/Shaders/Private/Hash.ush" 1799
"../../../Engine/Shaders/Private/RayTracing/VFXTraceRay.ush" 1800
"../../../Engine/Plugins/FX/Niagara/Shaders/Private/NiagaraRayMarchingShaders.usf" 1801
"../../../Engine/Plugins/FX/Niagara/Shaders/Private/NiagaraRayTraceCollisionGroupShaders.usf" 1802
"../../../Engine/Plugins/FX/Niagara/Shaders/Private/NiagaraAsyncGpuTraceUtils.usf" 1803
"../../../Engine/Plugins/FX/Niagara/Shaders/Private/NiagaraSortKeyGen.usf" 1804
"../../../Engine/Plugins/FX/Niagara/Shaders/Private/NiagaraGPURayTracingTransforms.usf" 1805
"../../../Engine/Plugins/FX/Niagara/Shaders/Private/NiagaraDrawIndirectArgsGen.usf" 1806
"../../../Engine/Shaders/Private/SlateElementPixelShader.usf" 1807
"../../../Engine/Shaders/Private/SlateShaderCommon.ush" 1808
"../../../Engine/Shaders/Private/MaterialTemplate.ush" 1809
"../../../Engine/Shaders/Private/EyeAdaptationCommon.ush" 1810
"../../../Engine/Shaders/Private/SobolRandom.ush" 1811
"../../../Engine/Shaders/Private/DepthOfFieldCommon.ush" 1812
"../../../Engine/Shaders/Private/CircleDOFCommon.ush" 1813
"../../../Engine/Shaders/Private/PhysicsFieldSampler.ush" 1814
"../../../Engine/Shaders/Private/PhysicsFieldShared.ush" 1815
"../../../Engine/Shaders/Private/HairShadingCommon.ush" 1816
"../../../Engine/Shaders/Private/HairStrands/HairCardsAttributeCommon.ush" 1817
"../../../Engine/Shaders/Private/HairStrands/HairStrandsVertexFactoryCommon.ush" 1818
"../../../Engine/Shaders/Private/HairStrands/HairStrandsAttributeCommon.ush" 1819
"../../../Engine/Shaders/Private/SpeedTreeCommon.ush" 1820
"../../../Engine/Shaders/Private/VirtualTextureCommon.ush" 1821
"../../../Engine/Shaders/Private/MaterialTexture.ush" 1822
"../../../Engine/Shaders/Private/MinMaterialTexCoords.ush" 1823
"../../../Engine/Shaders/Private/SkyAtmosphereCommon.ush" 1824
"../../../Engine/Shaders/Private/SingleLayerWaterCommon.ush" 1825
"../../../Engine/Shaders/Private/TextureSampling.ush" 1826
"../../../Engine/Shaders/Private/PaniniProjection.ush" 1827
"../../../Engine/Shaders/Private/DBufferNormalReprojection.ush" 1828
"../../../Engine/Shaders/Private/Strata/StrataTree.ush" 1829
"../../../Engine/Shaders/Private/Strata/StrataEvaluation.ush" 1830
"../../../Engine/Shaders/Private/SHCommon.ush" 1831
"../../../Engine/Shaders/Private/ShadingModels.ush" 1832
"../../../Engine/Shaders/Private/CapsuleLight.ush" 1833
"../../../Engine/Shaders/Private/RectLight.ush" 1834
"../../../Engine/Shaders/Private/AreaLightCommon.ush" 1835
"../../../Engine/Shaders/Private/TransmissionCommon.ush" 1836
"../../../Engine/Shaders/Private/HairBsdf.ush" 1837
"../../../Engine/Shaders/Private/MobileGGX.ush" 1838
"../../../Engine/Shaders/Private/ShadingModelsSampling.ush" 1839
"../../../Engine/Shaders/Private/HairStrands/HairBsdfSample.ush" 1840
"../../../Engine/Shaders/Private/HairStrands/HairStrandsCommon.ush" 1841
"../../../Engine/Shaders/Private/HairStrands/HairStrandsDeepTransmittanceCommon.ush" 1842
"../../../Engine/Shaders/Private/HairStrands/HairStrandsDeepTransmittanceDualScattering.ush" 1843
"../../../Engine/Shaders/Private/Strata/StrataLegacyConversion.ush" 1844
"../../../Engine/Shaders/Private/DBufferDecalShared.ush" 1845
"../../../Engine/Shaders/Private/CompositeUIPixelShader.usf" 1846
"../../../Engine/Shaders/Private/TonemapCommon.ush" 1847
"../../../Engine/Shaders/Private/ACES.ush" 1848
"../../../Engine/Shaders/Private/ColorDeficiency.ush" 1849
"../../../Engine/Shaders/Private/SlateMaskingShader.usf" 1850
"../../../Engine/Shaders/Private/SlatePostProcessColorDeficiencyPixelShader.usf" 1851
"../../../Engine/Shaders/Private/SlatePostProcessPixelShader.usf" 1852
"../../../Engine/Shaders/Private/SlateVertexShader.usf" 1853
"../../../Engine/Shaders/Private/TranslucentLightingShaders.usf" 1854
"../../../Engine/Shaders/Private/ShadowProjectionCommon.ush" 1855
"../../../Engine/Shaders/Private/CubemapCommon.ush" 1856
"../../../Engine/Shaders/Private/VectorFieldCompositeShaders.usf" 1857
"../../../Engine/Shaders/Private/UpdateTextureShaders.usf" 1858
"../../../Engine/Shaders/Private/StereoLayerShader.usf" 1859
"../../../Engine/Shaders/Private/MorphTargets.usf" 1860
"../../../Engine/Shaders/Private/SimpleElementColorChannelMaskPixelShader.usf" 1861
"../../../Engine/Shaders/Private/SimpleElementHitProxyPixelShader.usf" 1862
"../../../Engine/Shaders/Private/SimpleElementPixelShader.usf" 1863
"../../../Engine/Shaders/Private/IESLightProfilesCommon.ush" 1864
"../../../Engine/Shaders/Private/SimpleElementVertexShader.usf" 1865
"../../../Engine/Shaders/Private/ScreenPixelShaderOES.usf" 1866
"../../../Engine/Shaders/Private/ScreenVertexShader.usf" 1867
"../../../Engine/Shaders/Private/ScreenPixelShader.usf" 1868
"../../../Engine/Shaders/Private/SSProfilePreIntegratedMobile.usf" 1869
"../../../Engine/Shaders/Private/Nanite/NaniteClusterCulling.usf" 1870
"../../../Engine/Shaders/Private/Nanite/NaniteCulling.ush" 1871
"../../../Engine/Shaders/Private/Nanite/NaniteHierarchyTraversalCommon.ush" 1872
"../../../Engine/Shaders/Private/Nanite/NaniteHierarchyTraversal.ush" 1873
"../../../Engine/Shaders/Private/WaveOpUtil.ush" 1874
"../../../Engine/Shaders/Private/VirtualShadowMaps/VirtualShadowMapPageOverlap.ush" 1875
"../../../Engine/Shaders/Private/Nanite/NaniteHZBCull.ush" 1876
"../../../Engine/Shaders/Private/VirtualShadowMaps/VirtualShadowMapPageAccessCommon.ush" 1877
"../../../Engine/Shaders/Shared/VirtualShadowMapDefinitions.h" 1878
"../../../Engine/Shaders/Private/VirtualShadowMaps/VirtualShadowMapStaticCaching.ush" 1879
"../../../Engine/Shaders/Private/Nanite/NaniteCullingCommon.ush" 1880
"../../../Engine/Shaders/Private/GPUMessaging.ush" 1881
"../../../Engine/Shaders/Private/Nanite/NaniteTranscode.usf" 1882
"../../../Engine/Shaders/Private/VolumetricLightmapStreaming.usf" 1883
"../../../Engine/Shaders/Private/PhysicsFieldReset.usf" 1884
"../../../Engine/Shaders/Private/PhysicsFieldBuilder.usf" 1885
"../../../Engine/Shaders/Private/PhysicsFieldEval.ush" 1886
"../../../Engine/Shaders/Private/ParticleSortKeyGen.usf" 1887
"../../../Engine/Shaders/Private/ParticleBoundsShader.usf" 1888
"../../../Engine/Shaders/Private/ParticleSimVisualizeShader.usf" 1889
"../../../Engine/Shaders/Private/ParticleInjectionShader.usf" 1890
"../../../Engine/Shaders/Private/ParticleSimulationShader.usf" 1891
"../../../Engine/Shaders/Private/ParticleCurveInjectionShader.usf" 1892
"../../../Engine/Shaders/Private/CopyUIntBuffer.usf" 1893
"../../../Engine/Shaders/Private/RadixSortShaders.usf" 1894
"../../../Engine/Shaders/Private/RecomputeTangentsPerVertexPass.usf" 1895
"../../../Engine/Shaders/Private/RecomputeTangentsCommon.ush" 1896
"../../../Engine/Shaders/Private/RecomputeTangentsPerTrianglePass.usf" 1897
"../../../Engine/Shaders/Private/GpuSkinCacheComputeShader.usf" 1898
"../../../Engine/Shaders/Private/HeightFieldAtlasManagement.usf" 1899
"../../../Engine/Shaders/Private/LandscapePhysicalMaterial.usf" 1900
"../../../Engine/Shaders/Private/LandscapeGrassWeight.usf" 1901
"../../../Engine/Shaders/Private/Landscape/LandscapeLayersWeightmapsPS.usf" 1902
"../../../Engine/Shaders/Private/Landscape/LandscapeLayersHeightmapsPS.usf" 1903
"../../../Engine/Shaders/Private/Landscape/LandscapeCommon.ush" 1904
"../../../Engine/Shaders/Private/LandscapeLayersCS.usf" 1905
"../../../Engine/Shaders/Private/LandscapeLayersPS.usf" 1906
"../../../Engine/Shaders/Private/LandscapeLayersVS.usf" 1907
"../../../Engine/Shaders/Private/Landscape/LandscapeMergeHeightmapsPS.usf" 1908
"../../../Engine/Shaders/Private/WideCustomResolveShaders.usf" 1909
"../../../Engine/Shaders/Private/WideCustomResolve_Wide.ush" 1910
"../../../Engine/Shaders/Private/WideCustomResolve_Wider.ush" 1911
"../../../Engine/Shaders/Private/WideCustomResolve_Widest.ush" 1912
"../../../Engine/Shaders/Private/PageTableUpdate.usf" 1913
"../../../Engine/Shaders/Private/VirtualTextureCompress.usf" 1914
"../../../Engine/Shaders/Private/BlockCompressionCommon.ush" 1915
"../../../Engine/Shaders/Private/BCCompressionCommon.ush" 1916
"../../../Engine/Shaders/Private/ETCCompressionCommon.ush" 1917
"../../../Engine/Shaders/Private/VirtualTextureMaterial.usf" 1918
"../../../Engine/Shaders/Private/PixelShaderOutputCommon.ush" 1919
"../../../Engine/Shaders/Private/ShaderOutputCommon.ush" 1920
"../../../Engine/Shaders/Private/VolumetricRenderTarget.usf" 1921
"../../../Engine/Shaders/Private/VolumetricFogVoxelization.usf" 1922
"../../../Engine/Shaders/Private/VolumetricCloudMaterialPixelCommon.ush" 1923
"../../../Engine/Shaders/Private/VolumetricFogLightFunction.usf" 1924
"../../../Engine/Shaders/Private/LightFunctionCommon.ush" 1925
"../../../Engine/Shaders/Private/VolumetricFog.usf" 1926
"../../../Engine/Shaders/Private/DeferredLightingCommon.ush" 1927
"../../../Engine/Shaders/Private/DynamicLightingCommon.ush" 1928
"../../../Engine/Shaders/Private/CapsuleLightIntegrate.ush" 1929
"../../../Engine/Shaders/Private/CapsuleLightSampling.ush" 1930
"../../../Engine/Shaders/Private/RectLightIntegrate.ush" 1931
"../../../Engine/Shaders/Private/LightGridCommon.ush" 1932
"../../../Engine/Shaders/Private/HeightFogCommon.ush" 1933
"../../../Engine/Shaders/Private/DistanceFieldAOShared.ush" 1934
"../../../Engine/Shaders/Private/VolumeLightingCommon.ush" 1935
"../../../Engine/Shaders/Private/ShadowFilteringCommon.ush" 1936
"../../../Engine/Shaders/Private/PixelQuadMessagePassing.ush" 1937
"../../../Engine/Shaders/Private/VolumeLightingCommonSampling.ush" 1938
"../../../Engine/Shaders/Private/VolumetricLightmapShared.ush" 1939
"../../../Engine/Shaders/Private/ForwardShadowingCommon.ush" 1940
"../../../Engine/Shaders/Private/Lumen/LumenTranslucencyVolumeShared.ush" 1941
"../../../Engine/Shaders/Private/Lumen/LumenRadianceCacheInterpolation.ush" 1942
"../../../Engine/Shaders/Private/VirtualShadowMaps/VirtualShadowMapProjectionCommon.ush" 1943
"../../../Engine/Shaders/Private/VirtualShadowMaps/VirtualShadowMapProjectionStructs.ush" 1944
"../../../Engine/Shaders/Private/VolumetricCloudCommon.ush" 1945
"../../../Engine/Shaders/Private/VolumetricCloud.usf" 1946
"../../../Engine/Shaders/Private/ColorMap.ush" 1947
"../../../Engine/Shaders/Private/ShaderPrint.ush" 1948
"../../../Engine/Shaders/Private/ShaderPrintCommon.ush" 1949
"../../../Engine/Shaders/Private/MiniFontCommon.ush" 1950
"../../../Engine/Shaders/Private/ReflectionEnvironmentShared.ush" 1951
"../../../Engine/Shaders/Private/VisualizeVolumetricLightmap.usf" 1952
"../../../Engine/Shaders/Private/VirtualShadowMaps/VirtualShadowMapProjectionComposite.usf" 1953
"../../../Engine/Shaders/Private/LightShaderParameters.ush" 1954
"../../../Engine/Shaders/Private/VirtualShadowMaps/VirtualShadowMapMaskBitsCommon.ush" 1955
"../../../Engine/Shaders/Private/VirtualShadowMaps/VirtualShadowMapProjection.usf" 1956
"../../../Engine/Shaders/Private/HairStrands/HairStrandsVisibilityCommon.ush" 1957
"../../../Engine/Shaders/Private/Visualization.ush" 1958
"../../../Engine/Shaders/Private/VirtualShadowMaps/VirtualShadowMapProjectionDirectional.ush" 1959
"../../../Engine/Shaders/Private/PathTracing/Utilities/PathTracingRandomSequence.ush" 1960
"../../../Engine/Shaders/Private/VirtualShadowMaps/VirtualShadowMapSMRTCommon.ush" 1961
"../../../Engine/Shaders/Private/VirtualShadowMaps/VirtualShadowMapSMRTTemplate.ush" 1962
"../../../Engine/Shaders/Private/VirtualShadowMaps/VirtualShadowMapProjectionSpot.ush" 1963
"../../../Engine/Shaders/Private/VirtualShadowMaps/VirtualShadowMapTransmissionCommon.ush" 1964
"../../../Engine/Shaders/Private/HairStrands/HairStrandsVoxelPageCommon.ush" 1965
"../../../Engine/Shaders/Private/HairStrands/HairStrandsVoxelPageTraversal.ush" 1966
"../../../Engine/Shaders/Private/VirtualShadowMaps/VirtualShadowMapCacheManagement.usf" 1967
"../../../Engine/Shaders/Private/VirtualShadowMaps/VirtualShadowMapPageCacheCommon.ush" 1968
"../../../Engine/Shaders/Private/ScreenSpaceDenoise/SSDDefinitions.ush" 1969
"../../../Engine/Shaders/Private/InstanceCulling/InstanceCullingLoadBalancer.ush" 1970
"../../../Engine/Shaders/Private/VirtualShadowMaps/VirtualShadowMapCopyStats.usf" 1971
"../../../Engine/Shaders/Private/VirtualShadowMaps/VirtualShadowMapPageManagement.usf" 1972
"../../../Engine/Shaders/Private/HairStrands/HairStrandsTileCommon.ush" 1973
"../../../Engine/Shaders/Private/ReductionCommon.ush" 1974
"../../../Engine/Shaders/Private/VirtualShadowMaps/VirtualShadowMapStats.ush" 1975
"../../../Engine/Shaders/Private/VirtualShadowMaps/VirtualShadowMapBuildPerPageDrawCommands.usf" 1976
"../../../Engine/Shaders/Private/InstanceCulling/InstanceCullingCommon.ush" 1977
"../../../Engine/Shaders/Private/VirtualShadowMaps/VirtualShadowMapPrintStats.usf" 1978
"../../../Engine/Shaders/Private/VirtualShadowMaps/VirtualShadowMapDebug.usf" 1979
"../../../Engine/Shaders/Private/VelocityShader.usf" 1980
"../../../Engine/Shaders/Private/VelocityCommon.ush" 1981
"../../../Engine/Shaders/Private/VariableRateShading.usf" 1982
"../../../Engine/Shaders/Private/TranslucencyUpsampling.usf" 1983
"../../../Engine/Shaders/Private/ScreenPass.ush" 1984
"../../../Engine/Shaders/Private/ComposeSeparateTranslucency.usf" 1985
"../../../Engine/Shaders/Private/SeparateTranslucency.ush" 1986
"../../../Engine/Shaders/Private/TranslucentLightInjectionShaders.usf" 1987
"../../../Engine/Shaders/Private/TranslucentShadowDepthShaders.usf" 1988
"../../../Engine/Shaders/Private/ShadowDepthCommon.ush" 1989
"../../../Engine/Shaders/Private/RayTracing/RayTracingTest.usf" 1990
"../../../Engine/Shaders/Private/PostProcessSubsurfaceTile.usf" 1991
"../../../Engine/Shaders/Private/Strata/StrataVisualize.usf" 1992
"../../../Engine/Shaders/Private/Strata/StrataTile.ush" 1993
"../../../Engine/Shaders/Private/SkyLightingDiffuseShared.ush" 1994
"../../../Engine/Shaders/Private/SkyLightingShared.ush" 1995
"../../../Engine/Shaders/Private/ClearCoatCommon.ush" 1996
"../../../Engine/Shaders/Private/ReflectionEnvironmentComposite.ush" 1997
"../../../Engine/Shaders/Private/Strata/StrataLightingCommon.ush" 1998
"../../../Engine/Shaders/Private/Strata/StrataRoughRefraction.usf" 1999
"../../../Engine/Shaders/Private/PathTracing/Material/PathTracingFresnel.ush" 2000
"../../../Engine/Shaders/Private/PathTracing/Material/PathTracingGlossy.ush" 2001
"../../../Engine/Shaders/Private/Strata/StrataTile.usf" 2002
"../../../Engine/Shaders/Private/Strata/StrataMaterialClassification.usf" 2003
"../../../Engine/Shaders/Private/SkyAtmosphere.usf" 2004
"../../../Engine/Shaders/Private/CopyDepthTexture.usf" 2005
"../../../Engine/Shaders/Private/SingleLayerWaterComposite.usf" 2006
"../../../Engine/Shaders/Private/ShadowProjectionVertexShader.usf" 2007
"../../../Engine/Shaders/Private/ShadowProjectionPixelShader.usf" 2008
"../../../Engine/Shaders/Private/ShadowPercentageCloserFiltering.ush" 2009
"../../../Engine/Shaders/Private/TransmissionThickness.ush" 2010
"../../../Engine/Shaders/Private/CopyShadowMaps.usf" 2011
"../../../Engine/Shaders/Private/ShadowDepthPixelShader.usf" 2012
"../../../Engine/Shaders/Private/ShadowDepthVertexShader.usf" 2013
"../../../Engine/Shaders/Private/ShadingEnergyConservationTable.usf" 2014
"../../../Engine/Shaders/Shared/PathTracingDefinitions.h" 2015
"../../../Engine/Shaders/Private/ShadingFurnaceTest.usf" 2016
"../../../Engine/Shaders/Private/Strata/StrataDeferredLighting.ush" 2017
"../../../Engine/Shaders/Private/ShaderPrintDrawPrimitive.usf" 2018
"../../../Engine/Shaders/Private/ShaderPrintDraw.usf" 2019
"../../../Engine/Shaders/Private/SSRT/SSRTDiffuseIndirect.usf" 2020
"../../../Engine/Shaders/Private/SSRT/SSRTRayCast.ush" 2021
"../../../Engine/Shaders/Private/SSRT/SSRTTileClassificationBuffer.ush" 2022
"../../../Engine/Shaders/Private/SSRT/SSRTReflections.usf" 2023
"../../../Engine/Shaders/Private/ScreenSpaceDenoise/SSDPublic.ush" 2024
"../../../Engine/Shaders/Private/SSRT/SSRTTileClassification.usf" 2025
"../../../Engine/Shaders/Private/SSRT/SSRTPrevFrameReduction.usf" 2026
"../../../Engine/Shaders/Private/ScreenSpaceDenoise/SSDComposeHarmonics.usf" 2027
"../../../Engine/Shaders/Private/ScreenSpaceDenoise/SSDPublicHarmonics.ush" 2028
"../../../Engine/Shaders/Private/ScreenSpaceDenoise/SSDSignalFramework.ush" 2029
"../../../Engine/Shaders/Private/ScreenSpaceDenoise/SSDCommon.ush" 2030
"../../../Engine/Shaders/Private/SphericalGaussian.ush" 2031
"../../../Engine/Shaders/Private/ScreenSpaceDenoise/SSDMetadata.ush" 2032
"../../../Engine/Shaders/Private/ScreenSpaceDenoise/SSDSignalCore.ush" 2033
"../../../Engine/Shaders/Private/ScreenSpaceDenoise/DenoisingCommon.ush" 2034
"../../../Engine/Shaders/Private/ScreenSpaceDenoise/SSDSignalArray.ush" 2035
"../../../Engine/Shaders/Private/ScreenSpaceDenoise/SSDSignalBufferEncoding.ush" 2036
"../../../Engine/Shaders/Private/ScreenSpaceDenoise/SSDPublicBufferEncoding.ush" 2037
"../../../Engine/Shaders/Private/Lumen/LumenBufferEncoding.ush" 2038
"../../../Engine/Shaders/Private/ScreenSpaceDenoise/SSDTemporalAccumulation.usf" 2039
"../../../Engine/Shaders/Private/ScreenSpaceDenoise/SSDSpatialKernel.ush" 2040
"../../../Engine/Shaders/Private/ScreenSpaceDenoise/SSDSignalAccumulatorArray.ush" 2041
"../../../Engine/Shaders/Private/ScreenSpaceDenoise/SSDSignalAccumulator.ush" 2042
"../../../Engine/Shaders/Private/ScreenSpaceDenoise/SSDSignalCompression.ush" 2043
"../../../Engine/Shaders/Private/ScreenSpaceDenoise/SSDSpatialAccumulation.usf" 2044
"../../../Engine/Shaders/Private/ScreenSpaceDenoise/SSDInjest.usf" 2045
"../../../Engine/Shaders/Private/ScreenSpaceDenoise/SSDCompressMetadata.usf" 2046
"../../../Engine/Shaders/Private/DownsampleDepthPixelShader.usf" 2047
"../../../Engine/Shaders/Private/ScreenPass.usf" 2048
"../../../Engine/Shaders/Private/HZB.usf" 2049
"../../../Engine/Shaders/Private/HZBOcclusion.usf" 2050
"../../../Engine/Shaders/Private/OcclusionQueryPixelShader.usf" 2051
"../../../Engine/Shaders/Private/OcclusionQueryVertexShader.usf" 2052
"../../../Engine/Shaders/Private/HitProxyPixelShader.usf" 2053
"../../../Engine/Shaders/Private/HitProxyVertexShader.usf" 2054
"../../../Engine/Shaders/Private/SceneCapturePixelShader.usf" 2055
"../../../Engine/Shaders/Private/RTWriteMaskDecode.usf" 2056
"../../../Engine/Shaders/Private/ReflectionEnvironmentShaders.usf" 2057
"../../../Engine/Shaders/Private/RectLightAtlas.usf" 2058
"../../../Engine/Shaders/Private/RayTracing/TraceRayInlineStatistics.usf" 2059
"../../../Engine/Shaders/Private/RayTracing/TraceRayInlineCommon.ush" 2060
"../../../Engine/Shaders/Private/RayTracing/VisualizeSkyLightMipTreePS.usf" 2061
"../../../Engine/Shaders/Private/RayTracing/MipTreeCommon.ush" 2062
"../../../Engine/Shaders/Private/RayTracing/CompositeSkyLightPS.usf" 2063
"../../../Engine/Shaders/Private/RayTracing/GenerateSkyLightVisibilityRaysCS.usf" 2064
"../../../Engine/Shaders/Private/RayTracing/RayTracingSkyLightCommon.ush" 2065
"../../../Engine/Shaders/Private/RayTracing/SkyLightVisibilityRaysData.ush" 2066
"../../../Engine/Shaders/Private/Raytracing/RaytracingSkylightRGS.usf" 2067
"../../../Engine/Shaders/Private/HairStrands/HairStrandsRaytracing.ush" 2068
"../../../Engine/Shaders/Private/Raytracing/RayTracingSkyLightEvaluation.ush" 2069
"../../../Engine/Shaders/Private/Raytracing/RayTracingDeferredShadingCommon.ush" 2070
"../../../Engine/Shaders/Private/RayTracing/RayTracingOcclusionRGS.usf" 2071
"../../../Engine/Shaders/Private/RayTracing/RayTracingDirectionalLight.ush" 2072
"../../../Engine/Shaders/Private/RayTracing/RayTracingRectLight.ush" 2073
"../../../Engine/Shaders/Private/RayTracing/RayTracingSphereLight.ush" 2074
"../../../Engine/Shaders/Private/RayTracing/RayTracingCapsuleLight.ush" 2075
"../../../Engine/Shaders/Private/RayTracing/SplitImaginaryReflectionGBufferCS.usf" 2076
"../../../Engine/Shaders/Private/RayTracing/RayTracingReflectionsCommon.ush" 2077
"../../../Engine/Shaders/Private/RayTracing/RayTracingReflections.usf" 2078
"../../../Engine/Shaders/Private/RayTracing/RayTracingLightingCommon.ush" 2079
"../../../Engine/Shaders/Private/RayTracing/RayTracingLightCullingCommon.ush" 2080
"../../../Engine/Shaders/Private/RayTracing/RayTracingReflectionEnvironment.ush" 2081
"../../../Engine/Shaders/Private/RayTracing/RayTracingPrimaryRays.usf" 2082
"../../../Engine/Shaders/Private/RayTracing/RayTracingMaterialDefaultHitShaders.usf" 2083
"../../../Engine/Shaders/Private/RayTracing/RayTracingMaterialHitShaders.usf" 2084
"../../../Engine/Shaders/Private/RayTracing/RayTracingCalcInterpolants.ush" 2085
"../../../Engine/Shaders/Private/LightmapCommon.ush" 2086
"../../../Engine/Shaders/Private/Lumen/LumenHardwareRayTracingPayloadCommon.ush" 2087
"../../../Engine/Shaders/Private/Strata/StrataExport.ush" 2088
"../../../Engine/Shaders/Private/RayTracing/RayTracingLightingMS.usf" 2089
"../../../Engine/Shaders/Private/RayTracing/RayTracingLightFunctionCommon.ush" 2090
"../../../Engine/Shaders/Private/RayTracing/GenerateCulledLightListCS.usf" 2091
"../../../Engine/Shaders/Private/Raytracing/RayTracingInstanceBufferUtil.usf" 2092
"../../../Engine/Shaders/Private/RayTracing/RayTracingFinalGatherRGS.usf" 2093
"../../../Engine/Shaders/Private/RayTracing/RayTracingGatherPoints.ush" 2094
"../../../Engine/Shaders/Private/PathTracing/Light/PathTracingLightSampling.ush" 2095
"../../../Engine/Shaders/Private/PathTracing/Light/PathTracingLightCommon.ush" 2096
"../../../Engine/Shaders/Shared/RayTracingTypes.h" 2097
"../../../Engine/Shaders/Private/PathTracing/Light/PathTracingDirectionalLight.ush" 2098
"../../../Engine/Shaders/Private/PathTracing/Light/PathTracingPointLight.ush" 2099
"../../../Engine/Shaders/Private/PathTracing/Light/PathTracingCapsuleLight.ush" 2100
"../../../Engine/Shaders/Private/PathTracing/Light/PathTracingRectLight.ush" 2101
"../../../Engine/Shaders/Private/PathTracing/Light/PathTracingSkyLight.ush" 2102
"../../../Engine/Shaders/Private/PathTracing/Light/PathTracingSpotLight.ush" 2103
"../../../Engine/Shaders/Private/PathTracing/Material/PathTracingMaterialSampling.ush" 2104
"../../../Engine/Shaders/Private/PathTracing/Material/PathTracingMaterialCommon.ush" 2105
"../../../Engine/Shaders/Private/PathTracing/PathTracingCommon.ush" 2106
"../../../Engine/Shaders/Private/PathTracing/Material/PathTracingLambert.ush" 2107
"../../../Engine/Shaders/Private/PathTracing/Material/PathTracingRadianceProbe.ush" 2108
"../../../Engine/Shaders/Private/PathTracing/Material/FirstBounceRayGuidingCommon.ush" 2109
"../../../Engine/Shaders/Private/PathTracing/Material/PathTracingSpecularReflection.ush" 2110
"../../../Engine/Shaders/Private/PathTracing/Material/PathTracingSpecularTransmission.ush" 2111
"../../../Engine/Shaders/Private/PathTracing/Material/PathTracingSolidGlass.ush" 2112
"../../../Engine/Shaders/Private/PathTracing/Material/PathTracingEnergyConservation.ush" 2113
"../../../Engine/Shaders/Private/PathTracing/Material/PathTracingThinGlass.ush" 2114
"../../../Engine/Shaders/Private/PathTracing/Material/PathTracingDefaultLit.ush" 2115
"../../../Engine/Shaders/Private/PathTracing/Material/PathTracingClearCoat.ush" 2116
"../../../Engine/Shaders/Private/PathTracing/Material/PathTracingTwoSidedFoliage.ush" 2117
"../../../Engine/Shaders/Private/PathTracing/Material/PathTracingCloth.ush" 2118
"../../../Engine/Shaders/Private/PathTracing/Material/PathTracingSubsurfaceProfile.ush" 2119
"../../../Engine/Shaders/Private/PathTracing/Material/PathTracingEye.ush" 2120
"../../../Engine/Shaders/Private/PathTracing/Material/PathTracingHair.ush" 2121
"../../../Engine/Shaders/Private/PathTracing/Material/PathTracingMedium.ush" 2122
"../../../Engine/Shaders/Private/RayTracing/RayTracingCreateGatherPointsRGS.usf" 2123
"../../../Engine/Shaders/Private/RayTracing/RayTracingGlobalIlluminationRGS.usf" 2124
"../../../Engine/Shaders/Private/RayTracing/RayTracingDynamicMesh.usf" 2125
"../../../Engine/Shaders/Private/RayTracing/RayTracingDeferredReflections.usf" 2126
"../../../Engine/Shaders/Private/RayTracing/RayTracingDeferredMaterials.ush" 2127
"../../../Engine/Shaders/Shared/ThirdParty/AMD/ags_shader_intrinsics_dx12.h" 2128
"../../../Engine/Shaders/Private/RayTracing/RayTracingDeferredReflections.ush" 2129
"../../../Engine/Shaders/Private/RayTracing/RayTracingReflectionResolve.usf" 2130
"../../../Engine/Shaders/Private/RayTracing/RayTracingReflectionsGenerateRaysCS.usf" 2131
"../../../Engine/Shaders/Private/RayTracing/MaterialSort.usf" 2132
"../../../Engine/Shaders/Private/RayTracing/RayTracingDeferredMaterials.usf" 2133
"../../../Engine/Shaders/Private/RayTracing/RayTracingDecalMaterialShader.usf" 2134
"../../../Engine/Shaders/Private/RayTracing/RayTracingBuildDecalGrid.usf" 2135
"../../../Engine/Shaders/Private/RayTracing/RayTracingDebug.usf" 2136
"../../../Engine/Shaders/Shared/RayTracingDebugDefinitions.h" 2137
"../../../Engine/Shaders/Shared/RayTracingDebugTypes.h" 2138
"../../../Engine/Shaders/Private/RayTracing/RayTracingDebugTraversal.usf" 2139
"../../../Engine/Shaders/Private/Nanite/NaniteRayTrace.ush" 2140
"../../../Engine/Shaders/Shared/ThirdParty/RayTriangleIntersection.h" 2141
"../../../Engine/Shaders/Private/RayTracing/TraceRayInline.ush" 2142
"../../../Engine/Shaders/Private/RayTracing/TraceRayInlineVulkan.ush" 2143
"../../../Engine/Shaders/Private/RayTracing/RayTracingBarycentrics.usf" 2144
"../../../Engine/Shaders/Private/RayTracing/RayTracingAmbientOcclusionRGS.usf" 2145
"../../../Engine/Shaders/Private/VisualizeShadingModels.usf" 2146
"../../../Engine/Shaders/Private/PostProcessCommon.ush" 2147
"../../../Engine/Shaders/Private/MotionBlur/VisualizeMotionVectors.usf" 2148
"../../../Engine/Shaders/Private/TemporalSuperResolution/TSRDebugHistory.usf" 2149
"../../../Engine/Shaders/Private/TemporalSuperResolution/TSRCommon.ush" 2150
"../../../Engine/Shaders/Public/DualPixelVectorization.ush" 2151
"../../../Engine/Shaders/Private/TemporalSuperResolution/TSRResolveHistory.usf" 2152
"../../../Engine/Shaders/Private/TemporalSuperResolution/TSRUpdateHistory.usf" 2153
"../../../Engine/Shaders/Private/TemporalSuperResolution/TSRFilterAntiAliasing.usf" 2154
"../../../Engine/Shaders/Private/TemporalSuperResolution/TSRSpatialAntiAliasing.usf" 2155
"../../../Engine/Shaders/Private/TemporalSuperResolution/TSRDilateRejection.usf" 2156
"../../../Engine/Shaders/Private/TemporalSuperResolution/TSRPostfilterRejection.usf" 2157
"../../../Engine/Shaders/Private/TemporalSuperResolution/TSRRejectShading.usf" 2158
"../../../Engine/Shaders/Public/LaneVectorization.ush" 2159
"../../../Engine/Shaders/Private/TemporalSuperResolution/TSRCompareTranslucency.usf" 2160
"../../../Engine/Shaders/Private/TemporalSuperResolution/TSRDecimateHistory.usf" 2161
"../../../Engine/Shaders/Private/TemporalSuperResolution/TSRDilateVelocity.usf" 2162
"../../../Engine/Shaders/Private/MotionBlur/MotionBlurVelocityFlatten.ush" 2163
"../../../Engine/Shaders/Private/MotionBlur/MotionBlurCommon.ush" 2164
"../../../Engine/Shaders/Private/TemporalSuperResolution/TSRClearPrevTextures.usf" 2165
"../../../Engine/Shaders/Private/TemporalAA.usf" 2166
"../../../Engine/Shaders/Private/FilterPixelShader.usf" 2167
"../../../Engine/Shaders/Private/FilterVertexShader.usf" 2168
"../../../Engine/Shaders/Private/PostProcessVisualizeBuffer.usf" 2169
"../../../Engine/Shaders/Private/PostProcessVisualizeLocalExposure.usf" 2170
"../../../Engine/Shaders/Private/PostProcessHistogramCommon.ush" 2171
"../../../Engine/Shaders/Private/PostProcessVisualizeLevelInstance.usf" 2172
"../../../Engine/Shaders/Private/PostProcessVisualizeHDR.usf" 2173
"../../../Engine/Shaders/Private/ShaderComplexityApplyPixelShader.usf" 2174
"../../../Engine/Shaders/Private/QuadOverdraw.ush" 2175
"../../../Engine/Shaders/Private/PostProcessUpscale.usf" 2176
"../../../Engine/Shaders/Private/PostProcessTonemap.usf" 2177
"../../../Engine/Shaders/Private/PostProcessing/FilmGrainPackConstants.usf" 2178
"../../../Engine/Shaders/Private/PostProcessing/FilmGrainReduce.usf" 2179
"../../../Engine/Shaders/Private/PostProcessTestImage.usf" 2180
"../../../Engine/Shaders/Private/PostProcessSubsurface.usf" 2181
"../../../Engine/Shaders/Private/SeparableSSS.ush" 2182
"../../../Engine/Shaders/Private/SubsurfaceBurleyNormalized.ush" 2183
"../../../Engine/Shaders/Private/PostProcessSelectionOutline.usf" 2184
"../../../Engine/Shaders/Private/PostProcessPixelProjectedReflectionMobile.usf" 2185
"../../../Engine/Shaders/Private/MotionBlur/MotionBlurVisualize.usf" 2186
"../../../Engine/Shaders/Private/MotionBlur/MotionBlurApply.usf" 2187
"../../../Engine/Shaders/Private/MotionBlur/MotionBlurFilterTileClassify.usf" 2188
"../../../Engine/Shaders/Private/MotionBlur/MotionBlurTileScatter.usf" 2189
"../../../Engine/Shaders/Private/MotionBlur/MotionBlurTileGather.usf" 2190
"../../../Engine/Shaders/Private/MotionBlur/MotionBlurVelocityFlatten.usf" 2191
"../../../Engine/Shaders/Private/PostProcessMobile.usf" 2192
"../../../Engine/Shaders/Private/PostProcessMitchellNetravali.usf" 2193
"../../../Engine/Shaders/Private/PostProcessMaterialShaders.usf" 2194
"../../../Engine/Shaders/Private/PostProcessLocalExposure.usf" 2195
"../../../Engine/Shaders/Private/PostProcessLensFlares.usf" 2196
"../../../Engine/Shaders/Private/PostProcessHMD.usf" 2197
"../../../Engine/Shaders/Private/Histogram.usf" 2198
"../../../Engine/Shaders/Private/PostProcessHistogramReduce.usf" 2199
"../../../Engine/Shaders/Private/PostProcessHistogram.usf" 2200
"../../../Engine/Shaders/Private/PostProcessGBufferHints.usf" 2201
"../../../Engine/Shaders/Private/Bloom/BloomFinalizeApplyConstants.usf" 2202
"../../../Engine/Shaders/Private/Bloom/BloomCommon.ush" 2203
"../../../Engine/Shaders/Private/Bloom/BloomResizeKernel.usf" 2204
"../../../Engine/Shaders/Private/Bloom/BloomClampKernel.usf" 2205
"../../../Engine/Shaders/Private/Bloom/BloomPackKernelConstants.usf" 2206
"../../../Engine/Shaders/Private/Bloom/BloomSumScatterDispersionEnergy.usf" 2207
"../../../Engine/Shaders/Private/Bloom/BloomReduceKernelSurvey.usf" 2208
"../../../Engine/Shaders/Private/Bloom/BloomSurveyKernelCenterEnergy.usf" 2209
"../../../Engine/Shaders/Private/Bloom/BloomSurveyMaxScatterDispersion.usf" 2210
"../../../Engine/Shaders/Private/Bloom/BloomFindKernelCenter.usf" 2211
"../../../Engine/Shaders/Private/PostProcessEyeAdaptation.usf" 2212
"../../../Engine/Shaders/Private/PostProcessDownsample.usf" 2213
"../../../Engine/Shaders/Private/PostProcessDOF.usf" 2214
"../../../Engine/Shaders/Private/PostProcessDeviceEncodingOnly.usf" 2215
"../../../Engine/Shaders/Private/PostProcessCompositeEditorPrimitives.usf" 2216
"../../../Engine/Shaders/Private/PostProcessCombineLUTs.usf" 2217
"../../../Engine/Shaders/Private/PostProcessVisualizeDOF.usf" 2218
"../../../Engine/Shaders/Private/PostProcessBloom.usf" 2219
"../../../Engine/Shaders/Private/PostProcessAmbientOcclusionMobile.usf" 2220
"../../../Engine/Shaders/Private/PostProcessAmbientOcclusionCommon.ush" 2221
"../../../Engine/Shaders/Private/FXAAShader.usf" 2222
"../../../Engine/Shaders/Private/Fxaa3_11.ush" 2223
"../../../Engine/Shaders/Private/DiaphragmDOF/DOFRecombine.usf" 2224
"../../../Engine/Shaders/Private/DiaphragmDOF/DOFCommon.ush" 2225
"../../../Engine/Shaders/Private/DiaphragmDOF/DOFHybridScatterPixelShader.usf" 2226
"../../../Engine/Shaders/Private/DiaphragmDOF/DOFHybridScatterCommon.ush" 2227
"../../../Engine/Shaders/Private/DiaphragmDOF/DOFHybridScatterVertexShader.usf" 2228
"../../../Engine/Shaders/Private/DiaphragmDOF/DOFPostfiltering.usf" 2229
"../../../Engine/Shaders/Private/DiaphragmDOF/DOFGatherTileSuggest.ush" 2230
"../../../Engine/Shaders/Private/DiaphragmDOF/DOFCocTileCommon.ush" 2231
"../../../Engine/Shaders/Private/DiaphragmDOF/DOFGatherPass.usf" 2232
"../../../Engine/Shaders/Private/DiaphragmDOF/DOFGatherCommon.ush" 2233
"../../../Engine/Shaders/Private/DiaphragmDOF/DOFGatherAccumulator.ush" 2234
"../../../Engine/Shaders/Private/DiaphragmDOF/DOFGatherKernel.ush" 2235
"../../../Engine/Shaders/Private/DiaphragmDOF/DOFBokehLUT.usf" 2236
"../../../Engine/Shaders/Private/DiaphragmDOF/DOFHybridScatterCompilation.usf" 2237
"../../../Engine/Shaders/Private/DiaphragmDOF/DOFReduce.usf" 2238
"../../../Engine/Shaders/Private/DiaphragmDOF/DOFDownsample.ush" 2239
"../../../Engine/Shaders/Private/DiaphragmDOF/DOFHybridScatterCompilation.ush" 2240
"../../../Engine/Shaders/Private/DiaphragmDOF/DOFDownsample.usf" 2241
"../../../Engine/Shaders/Private/DiaphragmDOF/DOFCocTileDilate.usf" 2242
"../../../Engine/Shaders/Private/DiaphragmDOF/DOFCocTileFlatten.usf" 2243
"../../../Engine/Shaders/Private/DiaphragmDOF/DOFSetup.usf" 2244
"../../../Engine/Shaders/Private/PlanarReflectionShaders.usf" 2245
"../../../Engine/Shaders/Private/PlanarReflectionShared.ush" 2246
"../../../Engine/Shaders/Private/PhysicsFieldVisualizer.usf" 2247
"../../../Engine/Shaders/Private/PathTracing/PathTracingSpatialTemporalDenoising.usf" 2248
"../../../Engine/Shaders/Private/ColorDifference.ush" 2249
"../../../Engine/Shaders/Private/PathTracing/PathTracingCompositingPixelShader.usf" 2250
"../../../Engine/Shaders/Private/PathTracing/PathTracingMaterialHitShader.usf" 2251
"../../../Engine/Shaders/Private/PathTracing/PathTracingLightingMissShader.usf" 2252
"../../../Engine/Shaders/Private/PathTracing/PathTracingMissShader.usf" 2253
"../../../Engine/Shaders/Private/PathTracing/PathTracingBuildAtmosphereLUT.usf" 2254
"../../../Engine/Shaders/Private/PathTracing/Volume/PathTracingAtmosphereCommon.ush" 2255
"../../../Engine/Shaders/Private/PathTracing/PathTracingSwizzleScanlines.usf" 2256
"../../../Engine/Shaders/Private/PathTracing/PathTracingIESAtlas.usf" 2257
"../../../Engine/Shaders/Private/PathTracing/PathTracingInitExtinctionCoefficient.usf" 2258
"../../../Engine/Shaders/Private/PathTracing/PathTracing.usf" 2259
"../../../Engine/Shaders/Private/PathTracing/PathTracingCore.ush" 2260
"../../../Engine/Shaders/Private/RayTracing/RayTracingDecalGrid.ush" 2261
"../../../Engine/Shaders/Private/PathTracing/Utilities/PathTracingRIS.ush" 2262
"../../../Engine/Shaders/Private/PathTracing/Light/PathTracingLightGrid.ush" 2263
"../../../Engine/Shaders/Private/PathTracing/Volume/PathTracingVolume.ush" 2264
"../../../Engine/Shaders/Private/PathTracing/Volume/PathTracingVolumeCommon.ush" 2265
"../../../Engine/Shaders/Private/PathTracing/Volume/PathTracingAtmosphere.ush" 2266
"../../../Engine/Shaders/Private/DoubleWordMath.ush" 2267
"../../../Engine/Shaders/Private/PathTracing/Volume/PathTracingFog.ush" 2268
"../../../Engine/Shaders/Private/PathTracing/Volume/PathTracingVolumeSampling.ush" 2269
"../../../Engine/Shaders/Private/PathTracing/PathTracingBuildLightGrid.usf" 2270
"../../../Engine/Shaders/Private/PathTracing/PathTracingSkylightMISCompensation.usf" 2271
"../../../Engine/Shaders/Private/PathTracing/PathTracingSkylightPrepare.usf" 2272
"../../../Engine/Shaders/Private/OIT/OITSorting.usf" 2273
"../../../Engine/Shaders/Private/OITCombine.usf" 2274
"../../../Engine/Shaders/Private/OITCommon.ush" 2275
"../../../Engine/Shaders/Private/HTileVisualize.usf" 2276
"../../../Engine/Shaders/Private/HTileEncoding.ush" 2277
"../../../Engine/Shaders/Private/Nanite/NaniteDebugViews.usf" 2278
"../../../Engine/Shaders/Private/Nanite/NaniteMaterialComplexity.usf" 2279
"../../../Engine/Shaders/Private/Nanite/NaniteVisualize.usf" 2280
"../../../Engine/Shaders/Private/Nanite/NaniteStreamOut.usf" 2281
"../../../Engine/Shaders/Private/Nanite/NaniteMaterialCulling.usf" 2282
"../../../Engine/Shaders/Private/Nanite/NaniteDepthExport.usf" 2283
"../../../Engine/Shaders/Private/Nanite/NaniteExportGBuffer.usf" 2284
"../../../Engine/Shaders/Private/Nanite/NaniteRasterizer.usf" 2285
"../../../Engine/Shaders/Private/Nanite/NaniteWritePixel.ush" 2286
"../../../Engine/Shaders/Private/WorkDistribution.ush" 2287
"../../../Engine/Shaders/Private/Nanite/NaniteRasterBinning.usf" 2288
"../../../Engine/Shaders/Private/Nanite/NaniteInstanceCulling.usf" 2289
"../../../Engine/Shaders/Private/Nanite/NaniteImposter.ush" 2290
"../../../Engine/Shaders/Private/Nanite/NanitePrimitiveFilter.usf" 2291
"../../../Engine/Shaders/Private/Nanite/NanitePrintStats.usf" 2292
"../../../Engine/Shaders/Private/Nanite/NaniteEmitShadow.usf" 2293
"../../../Engine/Shaders/Private/MobileDeferredUtils.usf" 2294
"../../../Engine/Shaders/Private/MobileFog.usf" 2295
"../../../Engine/Shaders/Private/DistortApplyScreenPS.usf" 2296
"../../../Engine/Shaders/Private/MobileDeferredShading.usf" 2297
"../../../Engine/Shaders/Private/MobileLightingCommon.ush" 2298
"../../../Engine/Shaders/Private/MobileBasePassPixelShader.usf" 2299
"../../../Engine/Shaders/Private/MobileBasePassCommon.ush" 2300
"../../../Engine/Shaders/Private/BasePassCommon.ush" 2301
"../../../Engine/Shaders/Private/ShadingModelsMaterial.ush" 2302
"../../../Engine/Shaders/Private/SingleLayerWaterShading.ush" 2303
"../../../Engine/Shaders/Private/DistortionCommon.ush" 2304
"../../../Engine/Shaders/Private/MobileBasePassVertexShader.usf" 2305
"../../../Engine/Shaders/Private/Lumen/LumenVisualizeRadianceCache.usf" 2306
"../../../Engine/Shaders/Private/Lumen/LumenRadianceCacheCommon.ush" 2307
"../../../Engine/Shaders/Private/Lumen/LumenVisualizeHardwareRayTracing.usf" 2308
"../../../Engine/Shaders/Private/Lumen/LumenCardCommon.ush" 2309
"../../../Engine/Shaders/Private/Lumen/LumenTracingCommon.ush" 2310
"../../../Engine/Shaders/Private/DistanceField/GlobalDistanceFieldUtils.ush" 2311
"../../../Engine/Shaders/Private/DistanceField/GlobalDistanceFieldObjectGrid.ush" 2312
"../../../Engine/Shaders/Private/DistanceFieldLightingShared.ush" 2313
"../../../Engine/Shaders/Private/Lumen/SurfaceCache/LumenSurfaceCacheSampling.ush" 2314
"../../../Engine/Shaders/Private/Lumen/SurfaceCache/LumenSurfaceCache.ush" 2315
"../../../Engine/Shaders/Private/Lumen/LumenVisualize.ush" 2316
"../../../Engine/Shaders/Private/Lumen/LumenHardwareRayTracingCommon.ush" 2317
"../../../Engine/Shaders/Private/Lumen/LumenHardwareRayTracingPipelineCommon.ush" 2318
"../../../Engine/Shaders/Private/Lumen/LumenHardwareRayTracingPlatformCommon.ush" 2319
"../../../Engine/Shaders/Private/Lumen/LumenVisualize.usf" 2320
"../../../Engine/Shaders/Private/Lumen/LumenVisualizeTraces.ush" 2321
"../../../Engine/Shaders/Private/Lumen/LumenTranslucencyVolumeLighting.usf" 2322
"../../../Engine/Shaders/Private/Lumen/LumenRadianceCacheMarkCommon.ush" 2323
"../../../Engine/Shaders/Private/Lumen/LumenTranslucencyVolumeLightingShared.ush" 2324
"../../../Engine/Shaders/Private/Lumen/LumenTranslucencyVolumeHardwareRayTracing.usf" 2325
"../../../Engine/Shaders/Private/Lumen/LumenTranslucencyRadianceCacheMarkShaders.usf" 2326
"../../../Engine/Shaders/Private/Lumen/SurfaceCache/LumenSurfaceCacheFeedback.usf" 2327
"../../../Engine/Shaders/Private/Lumen/SurfaceCache/LumenSurfaceCache.usf" 2328
"../../../Engine/Shaders/Private/Lumen/LumenScreenSpaceBentNormal.usf" 2329
"../../../Engine/Shaders/Private/Lumen/LumenMaterial.ush" 2330
"../../../Engine/Shaders/Private/Lumen/LumenScreenProbeCommon.ush" 2331
"../../../Engine/Shaders/Private/BlueNoise.ush" 2332
"../../../Engine/Shaders/Private/Lumen/LumenScreenTracing.ush" 2333
"../../../Engine/Shaders/Private/Lumen/LumenScreenProbeTracing.usf" 2334
"../../../Engine/Shaders/Private/Lumen/LumenScreenProbeTracingCommon.ush" 2335
"../../../Engine/Shaders/Private/Lumen/LumenHairTracing.ush" 2336
"../../../Engine/Shaders/Private/Lumen/LumenScreenProbeImportanceSampling.usf" 2337
"../../../Engine/Shaders/Private/Lumen/LumenScreenProbeImportanceSamplingShared.ush" 2338
"../../../Engine/Shaders/Private/Lumen/LumenScreenProbeHardwareRayTracing.usf" 2339
"../../../Engine/Shaders/Private/Lumen/LumenScreenProbeGather.usf" 2340
"../../../Engine/Shaders/Private/Lumen/LumenScreenSpaceBentNormal.ush" 2341
"../../../Engine/Shaders/Private/Lumen/LumenScreenProbeLightSampling.usf" 2342
"../../../Engine/Shaders/Private/Lumen/LumenScreenProbeFiltering.usf" 2343
"../../../Engine/Shaders/Private/Lumen/LumenSceneLighting.usf" 2344
"../../../Engine/Shaders/Private/Lumen/LumenCardTile.ush" 2345
"../../../Engine/Shaders/Private/Lumen/LumenSceneLighting.ush" 2346
"../../../Engine/Shaders/Private/Lumen/Radiosity/LumenRadiosity.ush" 2347
"../../../Engine/Shaders/Private/Lumen/LumenCardPixelShader.usf" 2348
"../../../Engine/Shaders/Private/Lumen/LumenCardVertexShader.usf" 2349
"../../../Engine/Shaders/Private/Lumen/LumenSceneLightingDebug.usf" 2350
"../../../Engine/Shaders/Private/Lumen/LumenSceneDirectLightingHardwareRayTracing.usf" 2351
"../../../Engine/Shaders/Private/Lumen/LumenReflectionCommon.ush" 2352
"../../../Engine/Shaders/Private/Lumen/LumenSceneDirectLighting.ush" 2353
"../../../Engine/Shaders/Private/Lumen/LumenSceneDirectLightingSoftwareRayTracing.usf" 2354
"../../../Engine/Shaders/Private/DistanceFieldShadowingShared.ush" 2355
"../../../Engine/Shaders/Private/Lumen/LumenSceneDirectLightingPerLightShadowCommon.ush" 2356
"../../../Engine/Shaders/Private/Lumen/LumenSceneDirectLightingShadowMask.usf" 2357
"../../../Engine/Shaders/Private/Lumen/LumenSceneDirectLighting.usf" 2358
"../../../Engine/Shaders/Private/Lumen/LumenSceneDirectLightingCulling.usf" 2359
"../../../Engine/Shaders/Private/Lumen/LumenReflectionTracing.usf" 2360
"../../../Engine/Shaders/Private/Lumen/LumenReflections.usf" 2361
"../../../Engine/Shaders/Private/Lumen/LumenReflectionHardwareRayTracing.usf" 2362
"../../../Engine/Shaders/Private/Lumen/Radiosity/LumenVisualizeRadiosityProbes.usf" 2363
"../../../Engine/Shaders/Private/Lumen/Radiosity/LumenRadiosity.usf" 2364
"../../../Engine/Shaders/Private/RayTracing/RayGenUtils.ush" 2365
"../../../Engine/Shaders/Private/Lumen/Radiosity/LumenRadiosityHardwareRayTracing.usf" 2366
"../../../Engine/Shaders/Private/Lumen/Radiosity/LumenRadiosityCulling.usf" 2367
"../../../Engine/Shaders/Private/Lumen/LumenRadianceCacheHardwareRayTracing.usf" 2368
"../../../Engine/Shaders/Private/Lumen/LumenRadianceCacheTracingCommon.ush" 2369
"../../../Engine/Shaders/Private/Lumen/LumenRadianceCache.usf" 2370
"../../../Engine/Shaders/Private/Lumen/LumenRadianceCacheUpdate.ush" 2371
"../../../Engine/Shaders/Private/Lumen/LumenRadianceCacheDebug.usf" 2372
"../../../Engine/Shaders/Private/Lumen/LumenRadianceCacheUpdate.usf" 2373
"../../../Engine/Shaders/Private/Lumen/LumenMeshSDFCulling.usf" 2374
"../../../Engine/Shaders/Private/HybridIndirectLighting.ush" 2375
"../../../Engine/Shaders/Private/MeshDistanceFieldCommon.ush" 2376
"../../../Engine/Shaders/Private/Lumen/LumenIrradianceFieldGather.usf" 2377
"../../../Engine/Shaders/Private/Lumen/LumenHardwareRayTracingMaterials.usf" 2378
"../../../Engine/Shaders/Private/Lumen/LumenHardwareRayTracingPipeline.usf" 2379
"../../../Engine/Shaders/Private/Lumen/LumenFrontLayerTranslucency.usf" 2380
"../../../Engine/Shaders/Private/LightShaftShader.usf" 2381
"../../../Engine/Shaders/Private/StationaryLightOverlapShaders.usf" 2382
"../../../Engine/Shaders/Private/DeferredLightPixelShaders.usf" 2383
"../../../Engine/Shaders/Private/HairStrands/HairStrandsVisibilityUtils.ush" 2384
"../../../Engine/Shaders/Private/DeferredLightVertexShaders.usf" 2385
"../../../Engine/Shaders/Private/LightMapDensityShader.usf" 2386
"../../../Engine/Shaders/Private/LightGridInjection.usf" 2387
"../../../Engine/Shaders/Private/LightFunctionPixelShader.usf" 2388
"../../../Engine/Shaders/Private/LightFunctionVertexShader.usf" 2389
"../../../Engine/Shaders/Private/InstanceCulling/BuildInstanceDrawCommands.usf" 2390
"../../../Engine/Shaders/Private/InstanceCulling/InstanceCompactionCommon.ush" 2391
"../../../Engine/Shaders/Private/InstanceCulling/CompactVisibleInstances.usf" 2392
"../../../Engine/Shaders/Private/ThreadGroupPrefixSum.ush" 2393
"../../../Engine/Shaders/Private/ReflectionEnvironmentPixelShader.usf" 2394
"../../../Engine/Shaders/Private/Strata/StrataEnvironmentLighting.ush" 2395
"../../../Engine/Shaders/Private/AmbientCubemapComposite.usf" 2396
"../../../Engine/Shaders/Private/DiffuseIndirectComposite.usf" 2397
"../../../Engine/Shaders/Private/HeterogeneousVolumes/HeterogeneousVolumesSparseVoxelPipeline.usf" 2398
"../../../Engine/Shaders/Private/HeterogeneousVolumes/HeterogeneousVolumesSparseVoxelUtils.ush" 2399
"../../../Engine/Shaders/Private/HeterogeneousVolumes/HeterogeneousVolumesSparseVoxelUniformBufferUtils.ush" 2400
"../../../Engine/Shaders/Private/HeterogeneousVolumes/HeterogeneousVolumesPreshadingPipeline.usf" 2401
"../../../Engine/Shaders/Private/HeterogeneousVolumes/HeterogeneousVolumesTracingUtils.ush" 2402
"../../../Engine/Shaders/Private/HeterogeneousVolumes/HeterogeneousVolumesLightingUtils.ush" 2403
"../../../Engine/Shaders/Private/HeterogeneousVolumes/HeterogeneousVolumesRayMarchingUtils.ush" 2404
"../../../Engine/Shaders/Private/HeterogeneousVolumes/HeterogeneousVolumesTransmittanceVolumeUtils.ush" 2405
"../../../Engine/Shaders/Private/HeterogeneousVolumes/HeterogeneousVolumesMaterialBakingPipeline.usf" 2406
"../../../Engine/Shaders/Private/HeterogeneousVolumes/HeterogeneousVolumesLiveShadingUtils.ush" 2407
"../../../Engine/Shaders/Private/HeterogeneousVolumes/HeterogeneousVolumesLiveShadingPipeline.usf" 2408
"../../../Engine/Shaders/Private/HeterogeneousVolumes/HeterogeneousVolumesHardwareRayTracing.usf" 2409
"../../../Engine/Shaders/Private/HeterogeneousVolumes/HeterogeneousVolumesComposite.usf" 2410
"../../../Engine/Shaders/Private/HdrCustomResolveShaders.usf" 2411
"../../../Engine/Shaders/Private/HairStrands/HairStrandsVoxelMip.usf" 2412
"../../../Engine/Shaders/Private/HairStrands/HairStrandsVoxelRasterCompute.usf" 2413
"../../../Engine/Shaders/Private/HairStrands/HairStrandsClusterCommon.ush" 2414
"../../../Engine/Shaders/Private/HairStrands/HairStrandsVoxelPageAllocation.usf" 2415
"../../../Engine/Shaders/Private/Matrices.ush" 2416
"../../../Engine/Shaders/Private/HairStrands/HairStrandsAABBCommon.ush" 2417
"../../../Engine/Shaders/Private/HairStrands/HairStrandsVoxelOpaque.usf" 2418
"../../../Engine/Shaders/Private/HairStrands/HairStrandsRaytracingGeometry.usf" 2419
"../../../Engine/Shaders/Private/HairStrands/HairStrandsHitProxy.usf" 2420
"../../../Engine/Shaders/Private/HairStrands/HairStrandsVisibilityRasterComputeNaive.usf" 2421
"../../../Engine/Shaders/Private/HairStrands/HairStrandsVisibilityRasterHW.usf" 2422
"../../../Engine/Shaders/Private/HairStrands/HairStrandsVisibilityRasterCompute.usf" 2423
"../../../Engine/Shaders/Private/HairStrands/HairStrandsVisibilityRasterClassification.usf" 2424
"../../../Engine/Shaders/Private/HairStrands/HairStrandsCoverage.usf" 2425
"../../../Engine/Shaders/Private/HairStrands/HairStrandsVisibilityDepthPS.usf" 2426
"../../../Engine/Shaders/Private/HairStrands/HairStrandsVisibilityTransmittanceDepthPS.usf" 2427
"../../../Engine/Shaders/Private/HairStrands/HairStrandsVisibilityFillOpaqueDepthPS.usf" 2428
"../../../Engine/Shaders/Private/HairStrands/HairStrandsVisibilityCompactionComputeRaster.usf" 2429
"../../../Engine/Shaders/Private/HairStrands/HairStrandsVisibilityCompaction.usf" 2430
"../../../Engine/Shaders/Private/HairStrands/HairStrandsVisibilityCopyIndirectArg.usf" 2431
"../../../Engine/Shaders/Private/HairStrands/HairStrandsVisibilityClearPS.usf" 2432
"../../../Engine/Shaders/Private/HairStrands/HairStrandsVisibilityPS.usf" 2433
"../../../Engine/Shaders/Private/HairStrands/HairStrandsVisibilityVS.usf" 2434
"../../../Engine/Shaders/Private/HairStrands/HairStrandsVelocity.usf" 2435
"../../../Engine/Shaders/Private/HairStrands/HairStrandsVisibilityComputeSampleCoverage.usf" 2436
"../../../Engine/Shaders/Private/HairStrands/HairStrandsMaterialPS.usf" 2437
"../../../Engine/Shaders/Private/HairStrands/HairStrandsMaterialCommon.ush" 2438
"../../../Engine/Shaders/Private/HairStrands/HairStrandsMaterialVS.usf" 2439
"../../../Engine/Shaders/Private/HairStrands/HairStrandsLightSample.usf" 2440
"../../../Engine/Shaders/Private/HairStrands/HairStrandsDeepShadowMask.usf" 2441
"../../../Engine/Shaders/Private/HairStrands/HairStrandsDeepShadowCommon.ush" 2442
"../../../Engine/Shaders/Private/HairStrands/HairStrandsDeepTransmittanceMask.usf" 2443
"../../../Engine/Shaders/Private/HairStrands/HairStrandsVisibilityTile.usf" 2444
"../../../Engine/Shaders/Private/HairStrands/HairStrandsDeepShadowPS.usf" 2445
"../../../Engine/Shaders/Private/HairStrands/HairStrandsDeepShadowVS.usf" 2446
"../../../Engine/Shaders/Private/HairStrands/HairStrandsLUT.usf" 2447
"../../../Engine/Shaders/Private/HairStrands/HairStrandsEnvironmentLighting.usf" 2448
"../../../Engine/Shaders/Private/HairStrands/HairStrandsEnvironmentLightingCommon.ush" 2449
"../../../Engine/Shaders/Private/HairStrands/HairStrandsDebugCommonStruct.ush" 2450
"../../../Engine/Shaders/Private/HairStrands/HairStrandsEnvironmentAO.usf" 2451
"../../../Engine/Shaders/Private/HairStrands/HairStrandsDeepShadowAllocation.usf" 2452
"../../../Engine/Shaders/Private/HairStrands/HairStrandsVoxelDepthInjection.usf" 2453
"../../../Engine/Shaders/Private/HairStrands/HairStrandsClusterCulling.usf" 2454
"../../../Engine/Shaders/Private/HairStrands/HairStrandsDebug.usf" 2455
"../../../Engine/Shaders/Private/HairStrands/HairStrandsMeshProjectionCommon.ush" 2456
"../../../Engine/Shaders/Private/HairStrands/HairStrandsVoxelPageRayMarching.usf" 2457
"../../../Engine/Shaders/Private/HairStrands/HairStrandsGBufferWrite.usf" 2458
"../../../Engine/Shaders/Private/HairStrands/HairStrandsGBufferCommon.ush" 2459
"../../../Engine/Shaders/Private/HairStrands/HairStrandsVisibilityComposeSubPixelPS.usf" 2460
"../../../Engine/Shaders/Private/HairStrands/HairStrandsAABB.usf" 2461
"../../../Engine/Shaders/Private/GPUScene/GPUSceneDataManagement.usf" 2462
"../../../Engine/Shaders/Private/GPUSceneDebugRender.usf" 2463
"../../../Engine/Shaders/Private/GPUFastFourierTransform.usf" 2464
"../../../Engine/Shaders/Private/GPUFastFourierTransform2DCore.ush" 2465
"../../../Engine/Shaders/Private/GPUFastFourierTransformCore.ush" 2466
"../../../Engine/Shaders/Private/GPUBenchmark.usf" 2467
"../../../Engine/Shaders/Private/DistanceField/GlobalDistanceFieldDebug.usf" 2468
"../../../Engine/Shaders/Private/DistanceField/GlobalDistanceFieldMip.usf" 2469
"../../../Engine/Shaders/Private/DistanceField/GlobalDistanceField.usf" 2470
"../../../Engine/Shaders/Private/DistanceField/GlobalDistanceFieldUpdate.ush" 2471
"../../../Engine/Shaders/Private/DistanceField/GlobalDistanceFieldCompositeObjects.usf" 2472
"../../../Engine/Shaders/Private/DistanceField/GlobalDistanceFieldHeightfields.usf" 2473
"../../../Engine/Shaders/Private/HeightfieldLightingShared.ush" 2474
"../../../Engine/Shaders/Private/GenerateConservativeDepth.usf" 2475
"../../../Engine/Shaders/Private/HeightFogPixelShader.usf" 2476
"../../../Engine/Shaders/Private/HeightFogVertexShader.usf" 2477
"../../../Engine/Shaders/Private/DistortFiltering.usf" 2478
"../../../Engine/Shaders/Private/DistortAccumulatePS.usf" 2479
"../../../Engine/Shaders/Private/DistortAccumulateVS.usf" 2480
"../../../Engine/Shaders/Private/DistanceFieldVisualization.usf" 2481
"../../../Engine/Shaders/Private/DistanceFieldStreaming.usf" 2482
"../../../Engine/Shaders/Private/DistanceFieldShadowing.usf" 2483
"../../../Engine/Shaders/Private/DistanceFieldScreenGridLighting.usf" 2484
"../../../Engine/Shaders/Private/DistanceFieldObjectCulling.usf" 2485
"../../../Engine/Shaders/Private/DistanceFieldLightingPost.usf" 2486
"../../../Engine/Shaders/Private/DitheredTransitionStencil.usf" 2487
"../../../Engine/Shaders/Private/DepthOnlyPixelShader.usf" 2488
"../../../Engine/Shaders/Private/DepthOnlyVertexShader.usf" 2489
"../../../Engine/Shaders/Private/PositionOnlyDepthVertexShader.usf" 2490
"../../../Engine/Shaders/Private/DeferredDecal.usf" 2491
"../../../Engine/Shaders/Private/DecalCommon.ush" 2492
"../../../Engine/Shaders/Private/DebugViewModeVertexShader.usf" 2493
"../../../Engine/Shaders/Private/DebugViewModeCommon.ush" 2494
"../../../Engine/Shaders/Private/DebugViewModePixelShader.usf" 2495
"../../../Engine/Shaders/Private/DebugProbes.usf" 2496
"../../../Engine/Shaders/Private/MeshDecals.usf" 2497
"../../../Engine/Shaders/Private/PostProcessAmbientOcclusion.usf" 2498
"../../../Engine/Shaders/Private/ClusteredDeferredShadingPixelShader.usf" 2499
"../../../Engine/Shaders/Private/ClusteredDeferredShadingVertexShader.usf" 2500
"../../../Engine/Shaders/Private/CapsuleShadowShaders.usf" 2501
"../../../Engine/Shaders/Private/BasePassPixelShader.usf" 2502
"../../../Engine/Shaders/Private/ThinTranslucentCommon.ush" 2503
"../../../Engine/Shaders/Private/ForwardLightingCommon.ush" 2504
"../../../Engine/Shaders/Private/Strata/StrataForwardLighting.ush" 2505
"../../../Engine/Shaders/Private/ComputeShaderOutputCommon.ush" 2506
"../../../Engine/Shaders/Private/BasePassVertexShader.usf" 2507
"../../../Engine/Shaders/Private/BasePassVertexCommon.ush" 2508
"../../../Engine/Shaders/Private/AnisotropyPassShader.usf" 2509
"../../../Engine/Shaders/Private/SimpleElementVolumeTexturePreviewPixelShader.usf" 2510
"../../../Engine/Shaders/Private/SimpleElementTexture2DPreviewPixelShader.usf" 2511
"../../../Engine/Shaders/Private/meshpaintdilatepixelshader.usf" 2512
"../../../Engine/Shaders/Private/meshpaintdilatevertexshader.usf" 2513
"../../../Engine/Shaders/Private/MeshPaintPixelShader.usf" 2514
"../../../Engine/Shaders/Private/MeshPaintVertexShader.usf" 2515
"../../../Engine/Shaders/Private/Tools/VisualizeTexture.usf" 2516
"../../../Engine/Shaders/Private/ByteBuffer.usf" 2517
"../../../Engine/Shaders/Private/ResolveVertexShader.usf" 2518
"../../../Engine/Shaders/Private/ResolvePixelShader.usf" 2519
"../../../Engine/Shaders/Private/Tools/SetupIndirectArgs.usf" 2520
"../../../Engine/Shaders/Private/Tools/ClearUAV.usf" 2521
"../../../Engine/Shaders/Private/ClearReplacementShaders.usf" 2522
"../../../Engine/Shaders/Private/Tools/DrawTexture.usf" 2523
"../../../Engine/Shaders/Private/RayTracing/RayTracingValidation.usf" 2524
"../../../Engine/Shaders/Private/RenderGraphUtilities.usf" 2525
"../../../Engine/Shaders/Private/OneColorShader.usf" 2526
"../../../Engine/Shaders/Private/OculusShaders.usf" 2527
"../../../Engine/Shaders/Private/MediaShaders.usf" 2528
"../../../Engine/Shaders/Private/GPUMessaging.usf" 2529
"../../../Engine/Shaders/Private/NullPixelShader.usf" 2530
"../../../Engine/Shaders/Private/ComputeGenerateMips.usf" 2531
"../../../Engine/Shaders/Private/Tools/DumpTexture.usf" 2532
"../../../Engine/Shaders/Private/CopyTextureShaders.usf" 2533
"../../../Engine/Shaders/Private/Tools/FullscreenVertexShader.usf" 2534
"../../../Engine/Shaders/Private/RayTracing/RayTracingDispatchDesc.usf" 2535
"../../../Engine/Shaders/Private/RayTracing/RayTracingBuiltInShaders.usf" 2536
"../../../Engine/Shaders/Private/Bink.usf" 2537
"../../../../../../Users/James Robertson/Documents/Unreal Projects/AT_UE5_OWLS/Intermediate/ShaderAutogen/PCD3D_SM5/AutogenShaderHeaders.ush" 2538
"C:/Program Files/Epic Games/UE_5.1/Engine/Plugins/2D/Paper2D/Content/DummySprite.uasset" 2539
"C:/Program Files/Epic Games/UE_5.1/Engine/Plugins/2D/Paper2D/Content/Tutorial/Paper2D/TutorialAssets/TutorialSprite.uasset" 2540
"C:/Program Files/Epic Games/UE_5.1/Engine/Plugins/2D/Paper2D/Content/Tutorial/Paper2D/TutorialAssets/TutorialFlipBook.uasset" 2541
"C:/Program Files/Epic Games/UE_5.1/Engine/Plugins/Animation/ControlRig/Content/StandardFunctionLibrary/StandardFunctionLibrary.uasset" 2542
"C:/Program Files/Epic Games/UE_5.1/Engine/Plugins/Animation/ControlRigSpline/Content/SplineFunctionLibrary/SplineFunctionLibrary.uasset" 2543
"C:/Users/James Robertson/Documents/Unreal Projects/AT_UE5_OWLS/Content/Characters/Mannequins/Rigs/IK_Mannequin.uasset" 2544
"C:/Users/James Robertson/Documents/Unreal Projects/AT_UE5_OWLS/Content/Characters/Mannequins/Rigs/CR_Mannequin_BasicFootIK.uasset" 2545
"C:/Users/James Robertson/Documents/Unreal Projects/AT_UE5_OWLS/Content/Characters/Mannequins/Rigs/RTG_Mannequin.uasset" 2546
"C:/Users/James Robertson/Documents/Unreal Projects/AT_UE5_OWLS/Content/Characters/Mannequins/Rigs/CR_Mannequin_Body.uasset" 2547
"C:/Users/James Robertson/Documents/Unreal Projects/AT_UE5_OWLS/Content/Characters/Mannequins/Rigs/CR_Mannequin_Procedural.uasset" 2548
"C:/Users/James Robertson/Documents/Unreal Projects/AT_UE5_OWLS/Content/Characters/Mannequin_UE4/Rigs/RTG_UE5Manny_UE4Manny.uasset" 2549
"C:/Users/James Robertson/Documents/Unreal Projects/AT_UE5_OWLS/Content/Characters/Mannequin_UE4/Rigs/IK_UE4_Mannequin.uasset" 2550
"C:/Users/James Robertson/Documents/Unreal Projects/AT_UE5_OWLS/Content/Characters/Mannequin_UE4/Rigs/RTG_UE4Manny_UE5Manny.uasset" 2551
"../../../Engine/Content/EditorResources/S_Actor.uasset" 2552
"C:/Users/James Robertson/AppData/Local/UnrealEngine/Common/DerivedDataCache/Buckets/BulkDataList/c4/6c/9fdc9a9214f293a1be6947159f603bda0d0b.udd" 2553
"../../../../../../Users/James Robertson/Documents/Unreal Projects/AT_UE5_OWLS/Intermediate/ShaderAutogen/PCD3D_SM6/AutogenShaderHeaders.ush" 2554
"../../../../../../Users/James Robertson/Documents/Unreal Projects/AT_UE5_OWLS/Intermediate/ShaderAutogen/PCD3D_ES3_1/AutogenShaderHeaders.ush" 2555
"../../../Engine/Content/EditorResources/S_BoxReflectionCapture.uasset" 2556
"C:/Users/James Robertson/AppData/Local/UnrealEngine/Common/DerivedDataCache/Buckets/BulkDataList/25/72/5106fed878572951b45edad0b548d384abbb.udd" 2557
"../../../Engine/Content/EngineResources/DefaultTexture.uasset" 2558
"C:/Users/James Robertson/AppData/Local/UnrealEngine/Common/DerivedDataCache/Buckets/BulkDataList/ac/6a/0aae6e998755f10733f4188cd0bcf8d892df.udd" 2559
"../../../Engine/Content/EngineResources/DefaultTextureCube.uasset" 2560
"C:/Users/James Robertson/AppData/Local/UnrealEngine/Common/DerivedDataCache/Buckets/BulkDataList/f7/be/25212be61104dfd170f4a1807f7d984a94e7.udd" 2561
"../../../Engine/Content/EngineResources/DefaultVolumeTexture.uasset" 2562
"../../../Engine/Content/EngineResources/DefaultVolumeTexture2D.uasset" 2563
"C:/Users/James Robertson/AppData/Local/UnrealEngine/Common/DerivedDataCache/Buckets/BulkDataList/a1/ca/1390bee1c731470bfbf979312d2afd9f73a6.udd" 2564
"C:/Users/James Robertson/AppData/Local/UnrealEngine/Common/DerivedDataCache/Buckets/BulkDataList/5a/72/3650e544ccc3d0cb6794c40f601c8ef6fb86.udd" 2565
"../../../Engine/Content/EngineFonts/RobotoDistanceField.uasset" 2566
"C:/Users/James Robertson/AppData/Local/UnrealEngine/Common/DerivedDataCache/Buckets/BulkDataList/3f/b9/7fee0ffe21b752211f14352e634040f9a169.udd" 2567
"../../../Engine/Content/EngineMaterials/DefaultTextMaterialOpaque.uasset" 2568
"../../../Engine/Content/Functions/Engine_MaterialFunctions01/Shading/PowerToRoughness.uasset" 2569
"../../../Engine/Content/Functions/Engine_MaterialFunctions01/Shading/ConvertFromDiffSpec.uasset" 2570
"../../../Engine/Content/EngineMaterials/WorldGridMaterial.uasset" 2571
"../../../Engine/Content/Functions/Engine_MaterialFunctions01/Opacity/CameraDepthFade.uasset" 2572
"../../../Engine/Content/EngineMaterials/T_Default_Material_Grid_M.uasset" 2573
"../../../Engine/Content/EngineMaterials/T_Default_Material_Grid_N.uasset" 2574
"../../../Engine/Content/EngineMaterials/DefaultDeferredDecalMaterial.uasset" 2575
"../../../Engine/Content/EngineMaterials/DefaultDiffuse.uasset" 2576
"../../../Engine/Content/EngineMaterials/DefaultLightFunctionMaterial.uasset" 2577
"../../../Engine/Content/EngineMaterials/DefaultPostProcessMaterial.uasset" 2578
"../../../Engine/Content/Functions/Engine_MaterialFunctions02/Utility/BreakOutFloat2Components.uasset" 2579
"C:/Users/James Robertson/AppData/Local/UnrealEngine/Common/DerivedDataCache/Buckets/BulkDataList/d3/0f/4c99bd71bfa244708250ec7e7e477d8c7abe.udd" 2580
"C:/Users/James Robertson/AppData/Local/UnrealEngine/Common/DerivedDataCache/Buckets/BulkDataList/57/3c/adaf8793a9a469ff7b7931b3cdf2930e6010.udd" 2581
"C:/Users/James Robertson/AppData/Local/UnrealEngine/Common/DerivedDataCache/Buckets/BulkDataList/6f/f3/61137e06910afbf48cf937fa146d7087f64f.udd" 2582
"../../../Engine/Content/EditorResources/S_Trigger.uasset" 2583
"C:/Users/James Robertson/AppData/Local/UnrealEngine/Common/DerivedDataCache/Buckets/BulkDataList/ad/dc/0708e8ebc3fc20645aa87d94218b2cff594f.udd" 2584
"../../../Engine/Content/EditorResources/S_TriggerBox.uasset" 2585
"C:/Users/James Robertson/AppData/Local/UnrealEngine/Common/DerivedDataCache/Buckets/BulkDataList/fd/63/78119cfe6e273b59458f1787380c1bf071e7.udd" 2586
"../../../Engine/Content/EditorResources/S_TriggerCapsule.uasset" 2587
"C:/Users/James Robertson/AppData/Local/UnrealEngine/Common/DerivedDataCache/Buckets/BulkDataList/82/55/4947c65c93e2354802669bb1cf9d1b5b15e7.udd" 2588
"../../../Engine/Content/EditorResources/S_TriggerSphere.uasset" 2589
"C:/Users/James Robertson/AppData/Local/UnrealEngine/Common/DerivedDataCache/Buckets/BulkDataList/f6/56/e4e22887fc64477d354f32dfe57d2005907e.udd" 2590
"../../../Engine/Content/EngineDamageTypes/DmgTypeBP_Environmental.uasset" 2591
"../../../Engine/Content/EngineSky/VolumetricClouds/m_SimpleVolumetricCloud_Inst.uasset" 2592
"../../../Engine/Content/EngineSky/VolumetricClouds/m_SimpleVolumetricCloud.uasset" 2593
"../../../Engine/Content/Functions/Engine_MaterialFunctions02/Utility/MakeFloat2.uasset" 2594
"../../../Engine/Content/EngineSky/VolumetricClouds/CloudGradientTexture.uasset" 2595
"../../../Engine/Content/EngineSky/VolumetricClouds/CloudWeatherTexture.uasset" 2596
"../../../Engine/Content/EngineSky/VolumetricClouds/T_VolumeNoiseErosion32.uasset" 2597
"../../../Engine/Content/EngineSky/VolumetricClouds/T_NoiseErosion.uasset" 2598
"../../../Engine/Content/EngineSky/VolumetricClouds/T_VolumeNoiseShape64.uasset" 2599
"../../../Engine/Content/EngineSky/VolumetricClouds/T_NoiseShape64.uasset" 2600
"C:/Users/James Robertson/AppData/Local/UnrealEngine/Common/DerivedDataCache/Buckets/BulkDataList/62/bb/2740a0addf5ca4a9ee10f284245e90488d2a.udd" 2601
"C:/Users/James Robertson/AppData/Local/UnrealEngine/Common/DerivedDataCache/Buckets/BulkDataList/7a/49/ebf6f3a836f746614a89ceee5ce5643e7787.udd" 2602
"C:/Users/James Robertson/AppData/Local/UnrealEngine/Common/DerivedDataCache/Buckets/BulkDataList/b6/51/82ec1ae0303d8e241e20ca73c933bb6d5762.udd" 2603
"C:/Users/James Robertson/AppData/Local/UnrealEngine/Common/DerivedDataCache/Buckets/BulkDataList/b5/b9/e13a11ed34ac4c981bb652eb871f0c538b1f.udd" 2604
"C:/Users/James Robertson/AppData/Local/UnrealEngine/Common/DerivedDataCache/Buckets/BulkDataList/9d/65/0ffac0c55c9e95d88ab420b793ceb589d96a.udd" 2605
"C:/Users/James Robertson/AppData/Local/UnrealEngine/Common/DerivedDataCache/Buckets/BulkDataList/d8/ad/db6b00472bb0255f5f72708023808a3e6bdc.udd" 2606
"../../../Engine/Content/EngineMeshes/Sphere.uasset" 2607
"C:/Users/James Robertson/AppData/Local/UnrealEngine/Common/DerivedDataCache/Buckets/LegacyNavCollision/94/37/4c3f5535d8f986b34ca221a8b4758dc6b152.udd" 2608
"../../../Engine/Content/EngineResources/WhiteSquareTexture.uasset" 2609
"C:/Users/James Robertson/AppData/Local/UnrealEngine/Common/DerivedDataCache/Buckets/BulkDataList/36/2e/eaaef8df338e4ab918ec9f82a79eea7aa376.udd" 2610
"../../../Engine/Content/EngineResources/GradientTexture0.uasset" 2611
"C:/Users/James Robertson/AppData/Local/UnrealEngine/Common/DerivedDataCache/Buckets/BulkDataList/d1/ac/4ebcba246df021df0e74fe7e68403d3e2c54.udd" 2612
"../../../Engine/Content/EngineResources/Black.uasset" 2613
"C:/Users/James Robertson/AppData/Local/UnrealEngine/Common/DerivedDataCache/Buckets/BulkDataList/6e/bd/357bb7c9d92eeab572f9c865e9a32721911d.udd" 2614
"../../../Engine/Content/EditorMaterials/WorldPartition/WorldPartitionSpatialHashGridPreviewMaterial.uasset" 2615
"../../../Engine/Content/Functions/Engine_MaterialFunctions02/Utility/BreakOutFloat3Components.uasset" 2616
"../../../Engine/Content/Functions/Engine_MaterialFunctions02/Utility/MakeFloat3.uasset" 2617
"../../../Engine/Content/Functions/Engine_MaterialFunctions02/Utility/MakeFloat4.uasset" 2618
"../../../Engine/Content/EngineMaterials/Widget3DPassThrough_Translucent.uasset" 2619
"../../../Engine/Content/EngineMaterials/Widget3DPassThrough.uasset" 2620
"../../../Engine/Content/EngineMaterials/Widget3DPassThrough_Translucent_OneSided.uasset" 2621
"../../../Engine/Content/EngineMaterials/Widget3DPassThrough_Opaque.uasset" 2622
"../../../Engine/Content/EngineMaterials/Widget3DPassThrough_Opaque_OneSided.uasset" 2623
"../../../Engine/Content/EngineMaterials/Widget3DPassThrough_Masked.uasset" 2624
"../../../Engine/Content/EngineMaterials/Widget3DPassThrough_Masked_OneSided.uasset" 2625
"../../../Engine/Content/VREditor/TransformGizmo/PlaneTranslationHandle.uasset" 2626
"../../../Engine/Content/VREditor/TransformGizmo/TransformGizmoMaterial.uasset" 2627
"../../../Engine/Content/VREditor/LaserPointer/VR_LaserPower_01.uasset" 2628
"../../../Engine/Content/VREditor/TransformGizmo/TranslucentTransformGizmoMaterial.uasset" 2629
"C:/Users/James Robertson/AppData/Local/UnrealEngine/Common/DerivedDataCache/Buckets/BulkDataList/ff/8b/343f478a181d4d210b7024d90842955e0e86.udd" 2630
"../../../Engine/Content/VREditor/TransformGizmo/BoundingBoxCorner.uasset" 2631
"../../../Engine/Content/VREditor/TransformGizmo/BoundingBoxEdge.uasset" 2632
"../../../Engine/Content/VREditor/TransformGizmo/SM_Sequencer_Node.uasset" 2633
"../../../Engine/Content/VREditor/TransformGizmo/Main.uasset" 2634
"../../../Engine/Content/VREditor/TransformGizmo/Xray.uasset" 2635
"../../../Engine/Content/EditorMeshes/Camera/SM_CraneRig_Base.uasset" 2636
"../../../Engine/Content/EditorMaterials/Camera/MI_CineMat_Rig.uasset" 2637
"../../../Engine/Content/EditorMaterials/Camera/CineMat.uasset" 2638
"../../../Engine/Content/EditorMeshes/Camera/SM_CraneRig_Arm.uasset" 2639
"../../../Engine/Content/EditorMeshes/Camera/SM_CraneRig_Mount.uasset" 2640
"../../../Engine/Content/EditorMeshes/Camera/SM_CraneRig_Body.uasset" 2641
"../../../Engine/Content/EditorMeshes/Camera/SM_RailRig_Track.uasset" 2642
"../../../Engine/Content/EditorMeshes/Camera/SM_RailRig_Mount.uasset" 2643
"../../../Engine/Content/ArtTools/RenderToTexture/Meshes/S_1_Unit_Plane.uasset" 2644
"../../../Engine/Content/EngineDebugMaterials/M_SimpleUnlitTranslucent.uasset" 2645
"../../../Engine/Content/EngineFonts/Roboto.uasset" 2646
"../../../Engine/Content/EngineFonts/Faces/DroidSansFallback.uasset" 2647
"../../../Engine/Content/EngineFonts/Faces/RobotoBold.uasset" 2648
"../../../Engine/Content/EngineFonts/Faces/RobotoBoldItalic.uasset" 2649
"../../../Engine/Content/EngineFonts/Faces/RobotoItalic.uasset" 2650
"../../../Engine/Content/EngineFonts/Faces/RobotoLight.uasset" 2651
"../../../Engine/Content/EngineFonts/Faces/RobotoRegular.uasset" 2652
"../../../Engine/Content/EditorMaterials/ParticleSystems/PSysThumbnail_NoImage.uasset" 2653
"C:/Users/James Robertson/AppData/Local/UnrealEngine/Common/DerivedDataCache/Buckets/BulkDataList/a9/16/de4b5d75ac6751220a201cd3b0d73f48b9c3.udd" 2654
"../../../Engine/Content/EditorMaterials/ParticleSystems/PSysThumbnail_OOD.uasset" 2655
"C:/Users/James Robertson/AppData/Local/UnrealEngine/Common/DerivedDataCache/Buckets/BulkDataList/ad/f5/8891444f8cc3d1735cac9fef70b7f3f3cd95.udd" 2656
"../../../Engine/Content/EditorLandscapeResources/SplineEditorMesh.uasset" 2657
"../../../Engine/Content/EditorLandscapeResources/SplineEditorMeshMat.uasset" 2658
"../../../Engine/Content/EditorLandscapeResources/DataLayer.uasset" 2659
"../../../Engine/Content/EditorMeshes/EditorSphere.uasset" 2660
"../../../Engine/Content/EditorResources/S_Solver.uasset" 2661
"C:/Users/James Robertson/AppData/Local/UnrealEngine/Common/DerivedDataCache/Buckets/BulkDataList/f9/ef/202ff1145fbe22f11ec8db68402c38285d41.udd" 2662
"../../../Engine/Content/EngineDebugMaterials/VolumeToRender.uasset" 2663
"C:/Users/James Robertson/AppData/Local/UnrealEngine/Common/DerivedDataCache/Buckets/BulkDataList/98/10/e6ed0455bc87a5b035d9398632f0d9b74d2c.udd" 2664
"../../../Engine/Content/EngineDebugMaterials/M_VolumeRenderSphereTracePP.uasset" 2665
"../../../Engine/Content/Functions/Engine_MaterialFunctions02/Utility/CameraDirectionVector.uasset" 2666
"../../../Engine/Content/Internationalization/icudt64l/coll/ucadata.icu" 2667
"../../../Engine/Content/Internationalization/icudt64l/coll/en.res" 2668
"../../../Engine/Content/Internationalization/icudt64l/coll/root.res" 2669
"../../../Engine/Content/Animation/DefaultAnimBoneCompressionSettings.uasset" 2670
"../../../Engine/Content/Animation/DefaultRecorderBoneCompression.uasset" 2671
"../../../Engine/Content/Animation/DefaultAnimCurveCompressionSettings.uasset" 2672
"../../Plugins/Animation/ControlRig/Content/Controls/ControlRigXRayMaterial.uasset" 2673
"../../Plugins/Animation/ControlRig/Content/Controls/DefaultGizmoLibraryNormalized.uasset" 2674
"../../Plugins/Animation/ControlRig/Content/M_Manip.uasset" 2675
"../../../Engine/Content/Functions/Engine_MaterialFunctions02/WorldPositionOffset/CameraOffset.uasset" 2676
"../../Plugins/2D/Paper2D/Content/MaskedUnlitSpriteMaterial.uasset" 2677
"../../Plugins/2D/Paper2D/Content/DefaultSpriteMaterial.uasset" 2678
"../../Plugins/2D/Paper2D/Content/PlaceholderTextures/DummySpriteTexture.uasset" 2679
"C:/Users/James Robertson/AppData/Local/UnrealEngine/Common/DerivedDataCache/Buckets/BulkDataList/86/55/cd49ca4124facd945fdf8b81e2b30a638a50.udd" 2680
"../../Plugins/2D/Paper2D/Content/OpaqueUnlitSpriteMaterial.uasset" 2681
"../../Plugins/2D/Paper2D/Content/DefaultPaperTerrainMaterial.uasset" 2682
"../../Plugins/2D/Paper2D/Content/DummySprite.uasset" 2683
"../../../../../../Users/James Robertson/Documents/Unreal Projects/AT_UE5_OWLS/Content/ThirdPerson/Blueprints/BP_ThirdPersonCharacter.uasset" 2684
"../../../../../../Users/James Robertson/Documents/Unreal Projects/AT_UE5_OWLS/Content/Characters/Mannequins/Animations/ABP_Quinn.uasset" 2685
"../../../../../../Users/James Robertson/Documents/Unreal Projects/AT_UE5_OWLS/Content/Characters/Mannequins/Animations/ABP_Manny.uasset" 2686
"../../../../../../Users/James Robertson/Documents/Unreal Projects/AT_UE5_OWLS/Content/Characters/Mannequins/Animations/Manny/MM_Fall_Loop.uasset" 2687
"../../../../../../Users/James Robertson/Documents/Unreal Projects/AT_UE5_OWLS/Content/Characters/Mannequins/Meshes/SK_Mannequin.uasset" 2688
"../../../../../../Users/James Robertson/Documents/Unreal Projects/AT_UE5_OWLS/Content/Characters/Mannequins/Animations/Manny/MM_Idle.uasset" 2689
"../../../../../../Users/James Robertson/Documents/Unreal Projects/AT_UE5_OWLS/Content/Characters/Mannequins/Animations/Manny/MM_Jump.uasset" 2690
"../../../../../../Users/James Robertson/Documents/Unreal Projects/AT_UE5_OWLS/Content/Characters/Mannequins/Animations/Manny/MM_Land.uasset" 2691
"../../../../../../Users/James Robertson/Documents/Unreal Projects/AT_UE5_OWLS/Content/Characters/Mannequins/Animations/Manny/BS_MM_WalkRun.uasset" 2692
"../../../../../../Users/James Robertson/Documents/Unreal Projects/AT_UE5_OWLS/Content/Characters/Mannequins/Animations/Manny/MM_Run_Fwd.uasset" 2693
"../../../../../../Users/James Robertson/Documents/Unreal Projects/AT_UE5_OWLS/Content/Characters/Mannequins/Animations/Manny/MM_Walk_Fwd.uasset" 2694
"../../../../../../Users/James Robertson/Documents/Unreal Projects/AT_UE5_OWLS/Content/Characters/Mannequins/Animations/Manny/MM_Walk_InPlace.uasset" 2695
"../../../../../../Users/James Robertson/Documents/Unreal Projects/AT_UE5_OWLS/Content/Characters/Mannequins/Rigs/CR_Mannequin_BasicFootIK.uasset" 2696
"../../Plugins/Animation/ControlRig/Content/Controls/DefaultGizmoLibrary.uasset" 2697
"../../../../../../Users/James Robertson/Documents/Unreal Projects/AT_UE5_OWLS/Content/Characters/Mannequins/Animations/Quinn/MF_Idle.uasset" 2698
"../../../../../../Users/James Robertson/Documents/Unreal Projects/AT_UE5_OWLS/Content/Characters/Mannequins/Animations/Quinn/BS_MF_Unarmed_WalkRun.uasset" 2699
"../../../../../../Users/James Robertson/Documents/Unreal Projects/AT_UE5_OWLS/Content/Characters/Mannequins/Animations/Quinn/MF_Run_Fwd.uasset" 2700
"../../../../../../Users/James Robertson/Documents/Unreal Projects/AT_UE5_OWLS/Content/Characters/Mannequins/Animations/Quinn/MF_Walk_Fwd.uasset" 2701
"../../../../../../Users/James Robertson/Documents/Unreal Projects/AT_UE5_OWLS/Content/ThirdPerson/Input/Actions/IA_Jump.uasset" 2702
"../../../../../../Users/James Robertson/Documents/Unreal Projects/AT_UE5_OWLS/Content/ThirdPerson/Input/Actions/IA_Look.uasset" 2703
"../../../../../../Users/James Robertson/Documents/Unreal Projects/AT_UE5_OWLS/Content/ThirdPerson/Input/Actions/IA_Move.uasset" 2704
"../../../../../../Users/James Robertson/Documents/Unreal Projects/AT_UE5_OWLS/Content/ThirdPerson/Input/IMC_Default.uasset" 2705
"../../../../../../Users/James Robertson/Documents/Unreal Projects/AT_UE5_OWLS/Content/Characters/Mannequins/Meshes/SKM_Quinn_Simple.uasset" 2706
"../../../../../../Users/James Robertson/Documents/Unreal Projects/AT_UE5_OWLS/Content/Characters/Mannequins/Materials/Instances/Quinn/MI_Quinn_01.uasset" 2707
"../../../../../../Users/James Robertson/Documents/Unreal Projects/AT_UE5_OWLS/Content/Characters/Mannequins/Materials/M_Mannequin.uasset" 2708
"../../../../../../Users/James Robertson/Documents/Unreal Projects/AT_UE5_OWLS/Content/Characters/Mannequins/Materials/Functions/MF_Diffraction.uasset" 2709
"../../../../../../Users/James Robertson/Documents/Unreal Projects/AT_UE5_OWLS/Content/Characters/Mannequins/Materials/Functions/ChromaticCurve.uasset" 2710
"../../../../../../Users/James Robertson/Documents/Unreal Projects/AT_UE5_OWLS/Content/Characters/Mannequins/Materials/Functions/CA_Mannequin.uasset" 2711
"../../../../../../Users/James Robertson/Documents/Unreal Projects/AT_UE5_OWLS/Content/Characters/Mannequins/Materials/Functions/MF_logo3layers.uasset" 2712
"../../../Engine/Content/Functions/Engine_MaterialFunctions01/Texturing/ScaleUVsByCenter.uasset" 2713
"../../../../../../Users/James Robertson/Documents/Unreal Projects/AT_UE5_OWLS/Content/Characters/Mannequins/Textures/Shared/T_UE_Logo_M.uasset" 2714
"../../../../../../Users/James Robertson/Documents/Unreal Projects/AT_UE5_OWLS/Content/Characters/Mannequins/Materials/Functions/ML_BaseColorFallOff.uasset" 2715
"../../../../../../Users/James Robertson/Documents/Unreal Projects/AT_UE5_OWLS/Content/Characters/Mannequins/Textures/Manny/T_Manny_01_ASAOPMASK_MSK.uasset" 2716
"../../../../../../Users/James Robertson/Documents/Unreal Projects/AT_UE5_OWLS/Content/Characters/Mannequins/Textures/Manny/T_Manny_01_BN.uasset" 2717
"../../../../../../Users/James Robertson/Documents/Unreal Projects/AT_UE5_OWLS/Content/Characters/Mannequins/Textures/Manny/T_Manny_01_CCRCCPlastic_MSK.uasset" 2718
"../../../../../../Users/James Robertson/Documents/Unreal Projects/AT_UE5_OWLS/Content/Characters/Mannequins/Textures/Manny/T_Manny_01_D.uasset" 2719
"../../../../../../Users/James Robertson/Documents/Unreal Projects/AT_UE5_OWLS/Content/Characters/Mannequins/Textures/Manny/T_Manny_01_MSR_MSK.uasset" 2720
"../../../../../../Users/James Robertson/Documents/Unreal Projects/AT_UE5_OWLS/Content/Characters/Mannequins/Textures/Manny/T_Manny_01_N.uasset" 2721
"../../../../../../Users/James Robertson/Documents/Unreal Projects/AT_UE5_OWLS/Content/Characters/Mannequins/Textures/Manny/T_Manny_01_Tan.uasset" 2722
"../../../../../../Users/James Robertson/Documents/Unreal Projects/AT_UE5_OWLS/Content/Characters/Mannequins/Textures/Quinn/T_Quinn_01_ASAOMASK_MSK.uasset" 2723
"../../../../../../Users/James Robertson/Documents/Unreal Projects/AT_UE5_OWLS/Content/Characters/Mannequins/Textures/Quinn/T_Quinn_01_CCRCCPlastic_MSK.uasset" 2724
"../../../../../../Users/James Robertson/Documents/Unreal Projects/AT_UE5_OWLS/Content/Characters/Mannequins/Textures/Quinn/T_Quinn_01ID_BN.uasset" 2725
"../../../../../../Users/James Robertson/Documents/Unreal Projects/AT_UE5_OWLS/Content/Characters/Mannequins/Textures/Quinn/T_Quinn_01ID_D.uasset" 2726
"../../../../../../Users/James Robertson/Documents/Unreal Projects/AT_UE5_OWLS/Content/Characters/Mannequins/Textures/Quinn/T_Quinn_01ID_MSR_MSK.uasset" 2727
"../../../../../../Users/James Robertson/Documents/Unreal Projects/AT_UE5_OWLS/Content/Characters/Mannequins/Textures/Quinn/T_Quinn_01ID_N.uasset" 2728
"../../../../../../Users/James Robertson/Documents/Unreal Projects/AT_UE5_OWLS/Content/Characters/Mannequins/Textures/Quinn/T_Quinn_01ID_Tan.uasset" 2729
"../../../../../../Users/James Robertson/Documents/Unreal Projects/AT_UE5_OWLS/Content/Characters/Mannequins/Materials/Instances/Quinn/MI_Quinn_02.uasset" 2730
"../../../../../../Users/James Robertson/Documents/Unreal Projects/AT_UE5_OWLS/Content/Characters/Mannequins/Textures/Quinn/T_Quinn_02_ASAOMASK_MSK.uasset" 2731
"../../../../../../Users/James Robertson/Documents/Unreal Projects/AT_UE5_OWLS/Content/Characters/Mannequins/Textures/Quinn/T_Quinn_02_CCRCCPlastic_MSK.uasset" 2732
"../../../../../../Users/James Robertson/Documents/Unreal Projects/AT_UE5_OWLS/Content/Characters/Mannequins/Textures/Quinn/T_Quinn_02ID_BN.uasset" 2733
"../../../../../../Users/James Robertson/Documents/Unreal Projects/AT_UE5_OWLS/Content/Characters/Mannequins/Textures/Quinn/T_Quinn_02ID_D.uasset" 2734
"../../../../../../Users/James Robertson/Documents/Unreal Projects/AT_UE5_OWLS/Content/Characters/Mannequins/Textures/Quinn/T_Quinn_02ID_MSR_MSK.uasset" 2735
"../../../../../../Users/James Robertson/Documents/Unreal Projects/AT_UE5_OWLS/Content/Characters/Mannequins/Textures/Quinn/T_Quinn_02ID_N.uasset" 2736
"../../../../../../Users/James Robertson/Documents/Unreal Projects/AT_UE5_OWLS/Content/Characters/Mannequins/Textures/Quinn/T_Quinn_02ID_Tan.uasset" 2737
"../../../../../../Users/James Robertson/Documents/Unreal Projects/AT_UE5_OWLS/Content/Characters/Mannequins/Rigs/PA_Mannequin.uasset" 2738
"C:/Users/James Robertson/AppData/Local/UnrealEngine/Common/DerivedDataCache/Buckets/BulkDataList/f3/36/3b5b92bf365c290e0ceb610a1e6ff39f95d2.udd" 2739
"C:/Users/James Robertson/AppData/Local/UnrealEngine/Common/DerivedDataCache/Buckets/BulkDataList/f6/6d/ce07b5dc8fcd33d65eb0d0cf54e4e2f4faaa.udd" 2740
"C:/Users/James Robertson/AppData/Local/UnrealEngine/Common/DerivedDataCache/Buckets/BulkDataList/c3/bb/df82c73b875f9bc61890f2616a37af18ab79.udd" 2741
"C:/Users/James Robertson/AppData/Local/UnrealEngine/Common/DerivedDataCache/Buckets/BulkDataList/13/b3/01e52409d6bfe4ecf698c7d9332569981fc7.udd" 2742
"C:/Users/James Robertson/AppData/Local/UnrealEngine/Common/DerivedDataCache/Buckets/BulkDataList/7a/43/33dc087b1bc2d7d33fe81f72ddbee62ed1ab.udd" 2743
"C:/Users/James Robertson/AppData/Local/UnrealEngine/Common/DerivedDataCache/Buckets/BulkDataList/9a/93/e01703f812e8d1181754ab8859e1c7e7d91d.udd" 2744
"C:/Users/James Robertson/AppData/Local/UnrealEngine/Common/DerivedDataCache/Buckets/BulkDataList/de/51/bcd29f856eb3662e9501d0f4368a5d701b27.udd" 2745
"C:/Users/James Robertson/AppData/Local/UnrealEngine/Common/DerivedDataCache/Buckets/BulkDataList/ea/55/8cc0fba27d3eaf76fef3ae8d68dc4adfa0c5.udd" 2746
"C:/Users/James Robertson/AppData/Local/UnrealEngine/Common/DerivedDataCache/Buckets/BulkDataList/eb/8f/2ff668bb2cce379245a1ff9b90b4454f9078.udd" 2747
"C:/Users/James Robertson/AppData/Local/UnrealEngine/Common/DerivedDataCache/Buckets/BulkDataList/5f/2f/4464b52229fc3ce70e7d2990f1844b4c55b1.udd" 2748
"C:/Users/James Robertson/AppData/Local/UnrealEngine/Common/DerivedDataCache/Buckets/BulkDataList/3e/ac/2002ca9f0c45b26d93ba2fef33f073b51fbb.udd" 2749
"C:/Users/James Robertson/AppData/Local/UnrealEngine/Common/DerivedDataCache/Buckets/BulkDataList/32/36/00f59c615273351e8e5f742c6810a798c545.udd" 2750
"C:/Users/James Robertson/AppData/Local/UnrealEngine/Common/DerivedDataCache/Buckets/BulkDataList/7b/77/41e13a1c85450f426118e17f7e92643a336c.udd" 2751
"C:/Users/James Robertson/AppData/Local/UnrealEngine/Common/DerivedDataCache/Buckets/BulkDataList/31/8b/33eb3757d3a066c5f578705d2cd07426f38d.udd" 2752
"C:/Users/James Robertson/AppData/Local/UnrealEngine/Common/DerivedDataCache/Buckets/BulkDataList/99/33/2bc30a7a16eb20a725c045256f62a731b824.udd" 2753
"C:/Users/James Robertson/AppData/Local/UnrealEngine/Common/DerivedDataCache/Buckets/BulkDataList/a4/af/1b8956bb6482d124a3d830fff9d3d6cdcba6.udd" 2754
"C:/Users/James Robertson/AppData/Local/UnrealEngine/Common/DerivedDataCache/Buckets/BulkDataList/ed/da/c47575b6855464c6f9113728127f3473eefe.udd" 2755
"C:/Users/James Robertson/AppData/Local/UnrealEngine/Common/DerivedDataCache/Buckets/BulkDataList/be/95/00a565c07efb30acac9430e7c5f2f525c792.udd" 2756
"C:/Users/James Robertson/AppData/Local/UnrealEngine/Common/DerivedDataCache/Buckets/BulkDataList/aa/e2/c7feaf5662dd68012de46d749930b240b031.udd" 2757
"C:/Users/James Robertson/AppData/Local/UnrealEngine/Common/DerivedDataCache/Buckets/BulkDataList/8f/58/9027fdd53e313a8f447fc6f8f2b9e482a62e.udd" 2758
"C:/Users/James Robertson/AppData/Local/UnrealEngine/Common/DerivedDataCache/Buckets/BulkDataList/db/a0/f9e83acd4c7de3a8b76dc1451c0e02a81e41.udd" 2759
"C:/Users/James Robertson/AppData/Local/UnrealEngine/Common/DerivedDataCache/Buckets/BulkDataList/e6/40/ba51fe0fec41e1906d3a97ef10eba80b44f6.udd" 2760
"C:/Users/James Robertson/AppData/Local/UnrealEngine/Common/DerivedDataCache/Buckets/BulkDataList/90/2c/52d466ea45f534aa6be30828012a4f412e4f.udd" 2761
"C:/Users/James Robertson/AppData/Local/JetBrains/Toolbox/.settings.json" 2762
"../../Plugins/Media/MediaPlate/Content/SM_MediaPlateScreen.uasset" 2763
"../../Plugins/Editor/SpeedTreeImporter/Content/SpeedTree9/SpeedTreeMaster.uasset" 2764
"../../../Engine/Content/Functions/Engine_MaterialFunctions02/ObjectLocalBounds.uasset" 2765
"../../../Engine/Content/Functions/Engine_MaterialFunctions02/SafeNormalize.uasset" 2766
"../../../Engine/Content/Functions/Engine_MaterialFunctions02/Utility/VectorLength.uasset" 2767
"../../../Engine/Content/Functions/Engine_MaterialFunctions02/UVs/BoundingBoxBased_0-1_UVW.uasset" 2768
"../../../Engine/Content/Functions/Engine_MaterialFunctions02/WorldPositionOffset/ObjectScale.uasset" 2769
"../../Plugins/Editor/SpeedTreeImporter/Content/SpeedTree9/SpeedTreeBranchMotion.uasset" 2770
"../../Plugins/Editor/SpeedTreeImporter/Content/SpeedTree9/SpeedTreeWindMotion.uasset" 2771
"../../Plugins/Editor/SpeedTreeImporter/Content/SpeedTree9/game_wind_noise.uasset" 2772
"../../Plugins/Editor/SpeedTreeImporter/Content/SpeedTree9/UnpackDirection.uasset" 2773
"../../Plugins/Editor/SpeedTreeImporter/Content/SpeedTree9/UnpackInteger3.uasset" 2774
"../../Plugins/Editor/SpeedTreeImporter/Content/SpeedTree9/SpeedTreeCameraFacing.uasset" 2775
"../../Plugins/Editor/SpeedTreeImporter/Content/SpeedTree9/SpeedTreeWind.uasset" 2776
"../../Plugins/Editor/SpeedTreeImporter/Content/SpeedTree9/Empty.uasset" 2777
"../../Plugins/Editor/SpeedTreeImporter/Content/SpeedTree9/EmptyNormal.uasset" 2778
"C:/Users/James Robertson/AppData/Local/UnrealEngine/Common/DerivedDataCache/Buckets/BulkDataList/1f/9e/d5174a83843c1481b6bef4e083c6a30a4f14.udd" 2779
"C:/Users/James Robertson/AppData/Local/UnrealEngine/Common/DerivedDataCache/Buckets/BulkDataList/86/da/3604d1fdcd7d9bc931e53041734fc40f3e3f.udd" 2780
"C:/Users/James Robertson/AppData/Local/UnrealEngine/Common/DerivedDataCache/Buckets/BulkDataList/1d/5b/880fed54db52184e29040b11bf498460140d.udd" 2781
"../../Plugins/Editor/SpeedTreeImporter/Content/SpeedTree9/SpeedTreeBillboardMaster.uasset" 2782
"../../Plugins/Editor/SpeedTreeImporter/Content/SpeedTree9/SpeedTreeBillboard.uasset" 2783
"../../../Engine/Content/EngineMaterials/RemoveSurfaceMaterial.uasset" 2784
"../../../Engine/Content/EngineDebugMaterials/DebugMeshMaterial.uasset" 2785
"../../../Engine/Content/EngineMaterials/EmissiveMeshMaterial.uasset" 2786
"../../../Engine/Content/EngineMaterials/DefaultWhiteGrid_Low.uasset" 2787
"C:/Users/James Robertson/AppData/Local/UnrealEngine/Common/DerivedDataCache/Buckets/BulkDataList/de/fb/76ba909523cf0d859712d48c773ef9c108b9.udd" 2788
"../../../Engine/Content/EngineMaterials/M_InvalidLightmapSettings.uasset" 2789
"../../../Engine/Content/EngineMaterials/InvalidLightmapSettings.uasset" 2790
"C:/Users/James Robertson/AppData/Local/UnrealEngine/Common/DerivedDataCache/Buckets/BulkDataList/f6/dd/80e33713d40e234abd8c61b238764ce9955f.udd" 2791
"../../../Engine/Content/EngineMaterials/GizmoMaterial.uasset" 2792
"../../../Engine/Content/EngineMaterials/PhAT_JointLimitMaterial.uasset" 2793
"../../../Engine/Content/EngineMaterials/FlattenMaterial.uasset" 2794
"../../../Engine/Content/EngineMaterials/BaseFlattenDiffuseMap.uasset" 2795
"../../../Engine/Content/EngineMaterials/BaseFlattenEmissiveMap.uasset" 2796
"../../../Engine/Content/EngineMaterials/BaseFlattenGrayscaleMap.uasset" 2797
"../../../Engine/Content/EngineMaterials/BaseFlattenLinearColor.uasset" 2798
"../../../Engine/Content/EngineMaterials/BaseFlattenNormalMap.uasset" 2799
"../../../Engine/Content/Functions/Engine_MaterialFunctions02/PivotPainter2/Black_1x1_EXR_Texture.uasset" 2800
"C:/Users/James Robertson/AppData/Local/UnrealEngine/Common/DerivedDataCache/Buckets/BulkDataList/dd/ca/8581976115cce6871c2d83d756e21528e19b.udd" 2801
"C:/Users/James Robertson/AppData/Local/UnrealEngine/Common/DerivedDataCache/Buckets/BulkDataList/fc/9b/d2300a58e729bfcc07a38d022419043a8b84.udd" 2802
"C:/Users/James Robertson/AppData/Local/UnrealEngine/Common/DerivedDataCache/Buckets/BulkDataList/e7/fa/1a0b48bb90d50a39bf4257517cedd9e18aaa.udd" 2803
"C:/Users/James Robertson/AppData/Local/UnrealEngine/Common/DerivedDataCache/Buckets/BulkDataList/03/c8/36746c293e1772162f26c8b26fa592123389.udd" 2804
"C:/Users/James Robertson/AppData/Local/UnrealEngine/Common/DerivedDataCache/Buckets/BulkDataList/b5/88/d3378db63453d902bf3229ab50f268683b90.udd" 2805
"C:/Users/James Robertson/AppData/Local/UnrealEngine/Common/DerivedDataCache/Buckets/BulkDataList/71/4a/12928547079cbcb90cef238e266ae0ba4029.udd" 2806
"../../../Engine/Content/EngineMaterials/FlattenMaterial_VT.uasset" 2807
"../../../Engine/Content/EngineMaterials/BaseFlattenDiffuseMap_VT.uasset" 2808
"../../../Engine/Content/EngineMaterials/BaseFlattenEmissiveMap_VT.uasset" 2809
"../../../Engine/Content/EngineMaterials/BaseFlattenGrayscaleMap_VT.uasset" 2810
"../../../Engine/Content/EngineMaterials/BaseFlattenLinearColor_VT.uasset" 2811
"../../../Engine/Content/EngineMaterials/BaseFlattenNormalMap_VT.uasset" 2812
"../../../Engine/Content/EngineMaterials/Black_1x1_EXR_Texture_VT.uasset" 2813
"C:/Users/James Robertson/AppData/Local/UnrealEngine/Common/DerivedDataCache/Buckets/BulkDataList/20/72/eb3e970f8c3178473d5b6f9040b47ad866a5.udd" 2814
"C:/Users/James Robertson/AppData/Local/UnrealEngine/Common/DerivedDataCache/Buckets/BulkDataList/a2/30/b899fac214473fe76cc1179cde0265904e08.udd" 2815
"C:/Users/James Robertson/AppData/Local/UnrealEngine/Common/DerivedDataCache/Buckets/BulkDataList/97/d9/57bc87ef857cd956709effb83c34aeab8453.udd" 2816
"C:/Users/James Robertson/AppData/Local/UnrealEngine/Common/DerivedDataCache/Buckets/BulkDataList/50/7a/e770b509097d876a94eb1f0dddbc3a0f0bfd.udd" 2817
"C:/Users/James Robertson/AppData/Local/UnrealEngine/Common/DerivedDataCache/Buckets/BulkDataList/3d/e6/09afc733afb51734f7c6a283a088f3704940.udd" 2818
"C:/Users/James Robertson/AppData/Local/UnrealEngine/Common/DerivedDataCache/Buckets/BulkDataList/cd/fc/3edbdbf6d27582ed9a5ae5f179538cb49793.udd" 2819
"../../../Engine/Content/EngineMaterials/FlattenMaterial_WS_Normal_VT.uasset" 2820
"../../../Engine/Content/EngineMaterials/Good64x64TilingNoiseHighFreq.uasset" 2821
"C:/Users/James Robertson/AppData/Local/UnrealEngine/Common/DerivedDataCache/Buckets/BulkDataList/66/e6/d4297b32517e0363c4a7096006f7114dbf87.udd" 2822
"../../../Engine/Content/EngineMaterials/DefaultBokeh.uasset" 2823
"C:/Users/James Robertson/AppData/Local/UnrealEngine/Common/DerivedDataCache/Buckets/BulkDataList/a6/ef/72be09617dd84092409467dc0a940be8a9a4.udd" 2824
"../../../Engine/Content/EngineMaterials/PreintegratedSkinBRDF.uasset" 2825
"C:/Users/James Robertson/AppData/Local/UnrealEngine/Common/DerivedDataCache/Buckets/BulkDataList/ce/d1/d463b2ac3d64750c010c436c15c63d753f43.udd" 2826
"../../../Engine/Content/EngineMaterials/MiniFont.uasset" 2827
"C:/Users/James Robertson/AppData/Local/UnrealEngine/Common/DerivedDataCache/Buckets/BulkDataList/98/1f/d441ef4f29e0039d39aa678265aa13f78188.udd" 2828
"../../../Engine/Content/EngineMaterials/WeightMapPlaceholderTexture.uasset" 2829
"C:/Users/James Robertson/AppData/Local/UnrealEngine/Common/DerivedDataCache/Buckets/BulkDataList/e4/80/e3581374727199c2d704e195c79f2a270e8b.udd" 2830
"../../../Engine/Content/EngineMaterials/DefaultWhiteGrid.uasset" 2831
"C:/Users/James Robertson/AppData/Local/UnrealEngine/Common/DerivedDataCache/Buckets/BulkDataList/e5/44/f0282584a49463b99671b091a48ac845b600.udd" 2832
"../../../Engine/Content/EngineMaterials/DefaultPhysicalMaterial.uasset" 2833
"../../../Engine/Content/EngineMaterials/DefaultDestructiblePhysicalMaterial.uasset" 2834
"../../../Engine/Content/EditorLandscapeResources/DefaultAlphaTexture.uasset" 2835
"C:/Users/James Robertson/AppData/Local/UnrealEngine/Common/DerivedDataCache/Buckets/BulkDataList/e6/bd/d44d125bbbc9df07dc69d41ca369ce61b703.udd" 2836
"../../../Engine/Content/EditorResources/S_Terrain.uasset" 2837
"C:/Users/James Robertson/AppData/Local/UnrealEngine/Common/DerivedDataCache/Buckets/BulkDataList/97/a6/913d8445ce1c960fdebefd77269cb23da1dc.udd" 2838
"../../../Engine/Content/BasicShapes/Cube.uasset" 2839
"../../../Engine/Content/BasicShapes/Sphere.uasset" 2840
"../../../Engine/Content/EngineMaterials/DefaultMaterial.uasset" 2841
"../../../Engine/Content/BasicShapes/Cylinder.uasset" 2842
"../../../Engine/Content/BasicShapes/Cone.uasset" 2843
"../../../Engine/Content/BasicShapes/Plane.uasset" 2844
"../../Plugins/Runtime/MeshModelingToolset/Content/Materials/M_DynamicMeshComponentVtxColor.uasset" 2845
"../../Plugins/FX/Niagara/Content/ParameterDefinitions/SpriteRenderer.uasset" 2846
"../../Plugins/FX/Niagara/Content/ParameterDefinitions/RibbonRenderer.uasset" 2847
"../../Plugins/FX/Niagara/Content/ParameterDefinitions/MeshRenderer.uasset" 2848
"../../Plugins/FX/Niagara/Content/ParameterDefinitions/LightRenderer.uasset" 2849
"../../Plugins/FX/Niagara/Content/ParameterDefinitions/CoreParameters.uasset" 2850
"../../../Engine/Content/EditorResources/SequenceRecorder/Countdown.uasset" 2851
"C:/Users/James Robertson/AppData/Local/UnrealEngine/Common/DerivedDataCache/Buckets/BulkDataList/4e/f4/71f8d28265ea6ea6240f051daaa25cd63497.udd" 2852
"../../../Engine/Content/EditorResources/SequenceRecorder/RecordingIndicator.uasset" 2853
"C:/Users/James Robertson/AppData/Local/UnrealEngine/Common/DerivedDataCache/Buckets/BulkDataList/04/3a/888c02d439870d8813a45e9431a73466fe73.udd" 2854
"../../../Engine/Content/EditorMaterials/PhAT_UnselectedMaterial.uasset" 2855
"../../../Engine/Content/EditorMaterials/PhAT_NoCollisionMaterial.uasset" 2856
"C:/Users/James Robertson/Documents/Unreal Projects/AT_UE5_OWLS/Intermediate/ShaderAutogen/PCD3D_SM6/AutogenShaderHeaders.ush" 2857
"C:/Users/James Robertson/AppData/Local/Temp/UnrealShaderWorkingDir/B6A1C24B42579B1AB282809E481F307C/2/WorkerOutputOnly.out" 2858
"C:/Users/James Robertson/AppData/Local/Temp/UnrealShaderWorkingDir/B6A1C24B42579B1AB282809E481F307C/1/WorkerOutputOnly.out" 2859
"C:/Users/James Robertson/AppData/Local/Temp/UnrealShaderWorkingDir/B6A1C24B42579B1AB282809E481F307C/4/WorkerOutputOnly.out" 2860
"C:/Users/James Robertson/AppData/Local/Temp/UnrealShaderWorkingDir/B6A1C24B42579B1AB282809E481F307C/12/WorkerOutputOnly.out" 2861
"C:/Users/James Robertson/AppData/Local/Temp/UnrealShaderWorkingDir/B6A1C24B42579B1AB282809E481F307C/9/WorkerOutputOnly.out" 2862
"C:/Users/James Robertson/AppData/Local/Temp/UnrealShaderWorkingDir/B6A1C24B42579B1AB282809E481F307C/8/WorkerOutputOnly.out" 2863
"C:/Users/James Robertson/AppData/Local/Temp/UnrealShaderWorkingDir/B6A1C24B42579B1AB282809E481F307C/0/WorkerOutputOnly.out" 2864
"C:/Users/James Robertson/AppData/Local/Temp/UnrealShaderWorkingDir/B6A1C24B42579B1AB282809E481F307C/6/WorkerOutputOnly.out" 2865
"C:/Users/James Robertson/AppData/Local/Temp/UnrealShaderWorkingDir/B6A1C24B42579B1AB282809E481F307C/7/WorkerOutputOnly.out" 2866
"C:/Users/James Robertson/AppData/Local/Temp/UnrealShaderWorkingDir/B6A1C24B42579B1AB282809E481F307C/11/WorkerOutputOnly.out" 2867
"C:/Users/James Robertson/AppData/Local/Temp/UnrealShaderWorkingDir/B6A1C24B42579B1AB282809E481F307C/5/WorkerOutputOnly.out" 2868
"C:/Users/James Robertson/AppData/Local/Temp/UnrealShaderWorkingDir/B6A1C24B42579B1AB282809E481F307C/10/WorkerOutputOnly.out" 2869
"C:/Users/James Robertson/AppData/Local/Temp/UnrealShaderWorkingDir/B6A1C24B42579B1AB282809E481F307C/3/WorkerOutputOnly.out" 2870
"../../../Engine/Content/EngineMaterials/STBlueNoise_vec2_128x128x64.uasset" 2871
"../../../Engine/Content/EditorResources/BSPVertex.uasset" 2872
"../../../Engine/Content/EngineMaterials/STBlueNoise_scalar_128x128x64.uasset" 2873
"../../../Engine/Content/EngineSounds/Master.uasset" 2874
"../../../Engine/Content/EngineMaterials/DefaultBloomKernel.uasset" 2875
"../../../Engine/Content/EngineDebugMaterials/DebugEditorMaterial.uasset" 2876
"../../../Engine/Plugins/Interchange/Runtime/Content/Pipelines/DefaultAssetsPipeline.uasset" 2877
"../../../Engine/Plugins/Interchange/Runtime/Content/Pipelines/DefaultGraphInspectorPipeline.uasset" 2878
"../../../Engine/Plugins/Interchange/Runtime/Content/Pipelines/DefaultSceneLevelPipeline.uasset" 2879
"../../../Engine/Plugins/Interchange/Runtime/Content/Pipelines/DefaultTexturePipeline.uasset" 2880
"../../../Engine/Content/EngineResources/FilmGrains/Marcie_Grain_v3_128_M2_000.uasset" 2881
"../../../Engine/Plugins/Interchange/Runtime/Content/Pipelines/DefaultMaterialPipeline.uasset" 2882
"../../../Engine/Plugins/Interchange/Runtime/Content/Pipelines/DefaultSceneAssetsPipeline.uasset" 2883
"../../../Engine/Plugins/Interchange/Runtime/Content/Utilities/T_Bayer64_Grayscale_64px.uasset" 2884
"../../../Engine/Plugins/Animation/ControlRig/Content/Controls/ControlRigGizmoMaterial.uasset" 2885
"../../../Engine/Plugins/Interchange/Runtime/Content/Utilities/New_LUT.uasset" 2886
"../../../Engine/Plugins/Interchange/Runtime/Content/Materials/UnlitMaterial.uasset" 2887
"../../../Engine/Plugins/Interchange/Runtime/Content/Materials/MapOrScalarFunction.uasset" 2888
"../../../Engine/Plugins/Interchange/Runtime/Content/Materials/MapOrLinearColorFunction.uasset" 2889
"../../../Engine/Plugins/Interchange/Runtime/Content/Materials/MapOrColorFunction.uasset" 2890
"../../../Engine/Plugins/Interchange/Runtime/Content/gltf/Textures/T_White_srgb.uasset" 2891
"C:/Users/James Robertson/AppData/Local/UnrealEngine/Common/DerivedDataCache/Buckets/BulkDataList/45/d3/3eac217feb0380561a1762b4d1a6ccff7161.udd" 2892
"../../../Engine/Plugins/Interchange/Runtime/Content/gltf/Textures/T_White_Linear.uasset" 2893
"C:/Users/James Robertson/AppData/Local/UnrealEngine/Common/DerivedDataCache/Buckets/BulkDataList/88/6c/706349c631de2917ade824b794a113b9ffea.udd" 2894
"../../../Engine/Plugins/Interchange/Runtime/Content/gltf/Textures/T_Gray_Linear.uasset" 2895
"../../../Engine/Plugins/Interchange/Runtime/Content/gltf/Textures/T_Generic_N.uasset" 2896
"../../../Engine/Plugins/Interchange/Runtime/Content/gltf/Textures/T_Black_srgb.uasset" 2897
"C:/Users/James Robertson/AppData/Local/UnrealEngine/Common/DerivedDataCache/Buckets/BulkDataList/5a/76/31375d3f93b4bc34ec0a6223b64c23c4a2f6.udd" 2898
"C:/Users/James Robertson/AppData/Local/UnrealEngine/Common/DerivedDataCache/Buckets/BulkDataList/1f/31/ea95984b5bcc086b85425d5a89ec566efd91.udd" 2899
"../../../Engine/Plugins/Interchange/Runtime/Content/gltf/MaterialFunctions/MF_RotateV2.uasset" 2900
"../../../Engine/Plugins/Interchange/Runtime/Content/gltf/MaterialFunctions/MF_IOR.uasset" 2901
"../../../Engine/Plugins/Interchange/Runtime/Content/gltf/MaterialFunctions/MF_Fresnel_DS.uasset" 2902
"../../../Engine/Plugins/Interchange/Runtime/Content/Functions/MF_SchlickApprox.uasset" 2903
"../../../Engine/Plugins/Interchange/Runtime/Content/Functions/MF_OrenNayerView.uasset" 2904
"../../../Engine/Content/EngineMaterials/DefaultCalibrationGrayscale.uasset" 2905
"../../../Engine/Content/EngineMaterials/DefaultCalibrationColor.uasset" 2906
"../../../Engine/Content/MobileResources/HUD/VirtualJoystick_Background.uasset" 2907
"../../../Engine/Content/MobileResources/HUD/VirtualJoystick_Thumb.uasset" 2908
"../../../Engine/Content/EngineSounds/Submixes/MasterEQEffectPreset.uasset" 2909
"../../../Engine/Content/EngineSounds/Submixes/MasterReverbEffectPreset.uasset" 2910
"../../../Engine/Content/EditorMaterials/PreviewShadowIndicator.uasset" 2911
"../../../Engine/Content/EngineMaterials/DefaultNormal.uasset" 2912
"../../../Engine/Content/Maps/Entry_BuiltData.uasset" 2913
"../../../Engine/Content/EditorLandscapeResources/WhiteSquareTexture.uasset" 2914
"../../../Engine/Content/EngineMaterials/FlatNormal.uasset" 2915
"../../../Engine/Content/Functions/Engine_MaterialFunctions02/Math/AddComponents.uasset" 2916
"../../../Engine/Content/Functions/Engine_MaterialFunctions02/Texturing/CustomRotator.uasset" 2917
"../../../Engine/Content/Functions/Engine_MaterialFunctions02/Texturing/ScreenAlignedPixelToPixelUVs.uasset" 2918
"../../../Engine/Content/Functions/Engine_MaterialFunctions01/Texturing/FlattenNormal.uasset" 2919
"../../../Engine/Content/Functions/Engine_MaterialFunctions01/Shading/FuzzyShading.uasset" 2920
"../../../Engine/Content/Functions/Engine_MaterialFunctions03/Math/RemapValueRange.uasset" 2921
"C:/Users/James Robertson/Documents/Unreal Projects/AT_UE5_OWLS/Content/Characters/Mannequins/Textures/Manny/T_Manny_02_ASAOPMASK_MSK.uasset" 2922
"C:/Users/James Robertson/Documents/Unreal Projects/AT_UE5_OWLS/Content/Characters/Mannequins/Textures/Manny/T_Manny_02_BN.uasset" 2923
"C:/Users/James Robertson/Documents/Unreal Projects/AT_UE5_OWLS/Content/Characters/Mannequins/Textures/Manny/T_Manny_02_CCRCCPlastic_MSK.uasset" 2924
"C:/Users/James Robertson/AppData/Local/UnrealEngine/Common/DerivedDataCache/Buckets/BulkDataList/13/05/cc5c96e324f08b275796eb0ee99215948608.udd" 2925
"C:/Users/James Robertson/Documents/Unreal Projects/AT_UE5_OWLS/Content/Characters/Mannequins/Textures/Manny/T_Manny_02_D.uasset" 2926
"C:/Users/James Robertson/AppData/Local/UnrealEngine/Common/DerivedDataCache/Buckets/BulkDataList/80/f5/a5ea1f59169e1bd58769aae8365214d37c08.udd" 2927
"../../../Engine/Content/Functions/Engine_MaterialFunctions02/WorldPositionOffset/V2/ObjectScale.uasset" 2928
"C:/Users/James Robertson/Documents/Unreal Projects/AT_UE5_OWLS/Content/Characters/Mannequins/Textures/Manny/T_Manny_02_MSR_MSK.uasset" 2929
"C:/Users/James Robertson/Documents/Unreal Projects/AT_UE5_OWLS/Content/Characters/Mannequins/Textures/Manny/T_Manny_02_N.uasset" 2930
"C:/Users/James Robertson/Documents/Unreal Projects/AT_UE5_OWLS/Content/Characters/Mannequins/Textures/Manny/T_Manny_02_Tan.uasset" 2931
"C:/Users/James Robertson/AppData/Local/UnrealEngine/Common/DerivedDataCache/Buckets/BulkDataList/69/44/5df686f04c0d739d13ca6d9ce7fbed9af77a.udd" 2932
"../../../Engine/Content/Functions/Engine_MaterialFunctions02/Math/Transform3x3Matrix.uasset" 2933
"../../../Engine/Plugins/Interchange/Runtime/Content/gltf/MaterialFunctions/MF_TransformUVs.uasset" 2934
"../../../Engine/Content/EngineMaterials/PPM_DefaultCalibrationGrayscale.uasset" 2935
"../../../Engine/Content/EngineMaterials/PPM_DefaultCalibrationColor.uasset" 2936
"../../../Engine/Content/EditorMaterials/PreviewShadowIndicatorMaterial.uasset" 2937
"../../../Engine/Content/MobileResources/HUD/DefaultVirtualJoysticks.uasset" 2938
"C:/Users/James Robertson/AppData/Local/UnrealEngine/Common/DerivedDataCache/Buckets/BulkDataList/1e/c7/2e8fbf2c48a7319e48a2d5b46ebfacedd670.udd" 2939
"../../../Engine/Plugins/Interchange/Runtime/Content/Materials/PhongSurfaceMaterial.uasset" 2940
"../../../Engine/Plugins/Interchange/Runtime/Content/Materials/CommonMaterial.uasset" 2941
"C:/Users/James Robertson/AppData/Local/UnrealEngine/Common/DerivedDataCache/Buckets/BulkDataList/01/d8/873fd20ee7446103a14d7a9f5a3a0227a913.udd" 2942
"../../../Engine/Plugins/Interchange/Runtime/Content/gltf/MaterialFunctions/MF_PerceivedBrightness.uasset" 2943
"C:/Users/James Robertson/AppData/Local/UnrealEngine/Common/DerivedDataCache/Buckets/BulkDataList/84/a8/0373e6f4b14cc4cb76437f1d1588ed5ede95.udd" 2944
"C:/Users/James Robertson/AppData/Local/UnrealEngine/Common/DerivedDataCache/Buckets/BulkDataList/53/80/78508c349985516eace0531b4c8b05a6e7df.udd" 2945
"../../../Engine/Plugins/Interchange/Runtime/Content/gltf/MaterialFunctions/MF_Temporal_Blur.uasset" 2946
"../../../Engine/Plugins/Interchange/Runtime/Content/gltf/MaterialFunctions/MF_TransmissionOpacity.uasset" 2947
"../../../Engine/Plugins/Interchange/Runtime/Content/Functions/MF_Iridescence.uasset" 2948
"../../../Engine/Plugins/Interchange/Runtime/Content/gltf/MaterialFunctions/MF_RotateNormals_TS.uasset" 2949
"C:/Users/James Robertson/AppData/Local/UnrealEngine/Common/DerivedDataCache/Buckets/BulkDataList/f8/bc/665dfc89f66e95751df88e7ca09b8eec88d8.udd" 2950
"../../../Engine/Content/Maps/Entry.umap" 2951
"C:/Users/James Robertson/AppData/Local/UnrealEngine/Common/DerivedDataCache/Buckets/BulkDataList/25/c5/7abd363a04cf5f024d71cdbf58619b9c2aed.udd" 2952
"../../../Engine/Plugins/Animation/ControlRig/Content/Controls/ControlRig_Wedge_solid.uasset" 2953
"C:/Users/James Robertson/AppData/Local/UnrealEngine/Common/DerivedDataCache/Buckets/BulkDataList/ec/86/bc431acbce67ebff5492c8c26f590c8c5b54.udd" 2954
"../../../Engine/Plugins/Animation/ControlRig/Content/Controls/ControlRig_Wedge_3mm.uasset" 2955
"../../../Engine/Plugins/Animation/ControlRig/Content/Controls/ControlRig_Wedge_1mm.uasset" 2956
"../../../Engine/Plugins/Animation/ControlRig/Content/Controls/ControlRig_Triangle_solid.uasset" 2957
"../../../Engine/Plugins/Animation/ControlRig/Content/Controls/ControlRig_Triangle_3mm.uasset" 2958
"../../../Engine/Plugins/Animation/ControlRig/Content/Controls/ControlRig_Triangle_1mm.uasset" 2959
"../../../Engine/Plugins/Animation/ControlRig/Content/Controls/ControlRig_Star4_solid.uasset" 2960
"../../../Engine/Plugins/Animation/ControlRig/Content/Controls/ControlRig_Star4_3mm.uasset" 2961
"../../../Engine/Plugins/Animation/ControlRig/Content/Controls/ControlRig_Star4_1mm.uasset" 2962
"../../../Engine/Plugins/Animation/ControlRig/Content/Controls/ControlRig_Square_solid.uasset" 2963
"../../../Engine/Plugins/Animation/ControlRig/Content/Controls/ControlRig_Square_3mm.uasset" 2964
"../../../Engine/Plugins/Animation/ControlRig/Content/Controls/ControlRig_Square_1mm.uasset" 2965
"../../../Engine/Plugins/Animation/ControlRig/Content/Controls/ControlRig_Sphere_3mm.uasset" 2966
"../../../Engine/Plugins/Animation/ControlRig/Content/Controls/ControlRig_Sphere_1mm.uasset" 2967
"../../../Engine/Plugins/Animation/ControlRig/Content/Controls/ControlRig_RoundedTriangle_solid.uasset" 2968
"../../../Engine/Plugins/Animation/ControlRig/Content/Controls/ControlRig_RoundedTriangle_3mm.uasset" 2969
"../../../Engine/Plugins/Animation/ControlRig/Content/Controls/ControlRig_RoundedTriangle_1mm.uasset" 2970
"../../../Engine/Plugins/Animation/ControlRig/Content/Controls/ControlRig_RoundedSquare_solid.uasset" 2971
"../../../Engine/Plugins/Animation/ControlRig/Content/Controls/ControlRig_RoundedSquare_3mm.uasset" 2972
"../../../Engine/Plugins/Animation/ControlRig/Content/Controls/ControlRig_RoundedSquare_1mm.uasset" 2973
"../../../Engine/Plugins/Animation/ControlRig/Content/Controls/ControlRig_QuarterCircle_solid.uasset" 2974
"../../../Engine/Plugins/Animation/ControlRig/Content/Controls/ControlRig_QuarterCircle_3mm.uasset" 2975
"../../../Engine/Plugins/Animation/ControlRig/Content/Controls/ControlRig_QuarterCircle_1mm.uasset" 2976
"../../../Engine/Plugins/Animation/ControlRig/Content/Controls/ControlRig_Pyramid_solid.uasset" 2977
"../../../Engine/Plugins/Animation/ControlRig/Content/Controls/ControlRig_Pyramid_3mm.uasset" 2978
"../../../Engine/Plugins/Animation/ControlRig/Content/Controls/ControlRig_Pyramid_1mm.uasset" 2979
"../../../Engine/Plugins/Animation/ControlRig/Content/Controls/ControlRig_Octagon_solid.uasset" 2980
"../../Plugins/Animation/ControlRig/Content/Controls/ControlRig_Wedge_solid.uasset" 2981
"../../Plugins/Animation/ControlRig/Content/Controls/ControlRig_Wedge_3mm.uasset" 2982
"../../../Engine/Plugins/Animation/ControlRig/Content/Controls/ControlRig_Octagon_3mm.uasset" 2983
"../../Plugins/Animation/ControlRig/Content/Controls/ControlRig_Wedge_1mm.uasset" 2984
"../../Plugins/Animation/ControlRig/Content/Controls/ControlRig_Triangle_solid.uasset" 2985
"../../Plugins/Animation/ControlRig/Content/Controls/ControlRig_Triangle_3mm.uasset" 2986
"../../Plugins/Animation/ControlRig/Content/Controls/ControlRig_Triangle_1mm.uasset" 2987
"../../Plugins/Animation/ControlRig/Content/Controls/ControlRig_Star4_solid.uasset" 2988
"../../Plugins/Animation/ControlRig/Content/Controls/ControlRig_Star4_3mm.uasset" 2989
"../../Plugins/Animation/ControlRig/Content/Controls/ControlRig_Star4_1mm.uasset" 2990
"../../Plugins/Animation/ControlRig/Content/Controls/ControlRig_Square_solid.uasset" 2991
"../../Plugins/Animation/ControlRig/Content/Controls/ControlRig_Square_3mm.uasset" 2992
"../../Plugins/Animation/ControlRig/Content/Controls/ControlRig_Square_1mm.uasset" 2993
"../../Plugins/Animation/ControlRig/Content/Controls/ControlRig_Sphere_3mm.uasset" 2994
"../../../Engine/Plugins/Animation/ControlRig/Content/Controls/ControlRig_Octagon_1mm.uasset" 2995
"../../../Engine/Plugins/Animation/ControlRig/Content/Controls/ControlRig_Hexagon_solid.uasset" 2996
"../../../Engine/Plugins/Animation/ControlRig/Content/Controls/ControlRig_Hexagon_3mm.uasset" 2997
"../../../Engine/Plugins/Animation/ControlRig/Content/Controls/ControlRig_Hexagon_1mm.uasset" 2998
"../../../Engine/Plugins/Animation/ControlRig/Content/Controls/ControlRig_HalfCircle_solid.uasset" 2999
"../../../Engine/Plugins/Animation/ControlRig/Content/Controls/ControlRig_HalfCircle_3mm.uasset" 3000
"../../../Engine/Plugins/Animation/ControlRig/Content/Controls/ControlRig_HalfCircle_1mm.uasset" 3001
"../../../Engine/Plugins/Animation/ControlRig/Content/Controls/ControlRig_Diamond_solid.uasset" 3002
"../../../Engine/Plugins/Animation/ControlRig/Content/Controls/ControlRig_Diamond_3mm.uasset" 3003
"../../../Engine/Plugins/Animation/ControlRig/Content/Controls/ControlRig_Diamond_1mm.uasset" 3004
"../../../Engine/Plugins/Animation/ControlRig/Content/Controls/ControlRig_Circle_solid.uasset" 3005
"../../../Engine/Plugins/Animation/ControlRig/Content/Controls/ControlRig_Circle_3mm.uasset" 3006
"../../../Engine/Plugins/Animation/ControlRig/Content/Controls/ControlRig_Circle_1mm.uasset" 3007
"../../../Engine/Plugins/Animation/ControlRig/Content/Controls/ControlRig_Box_solid.uasset" 3008
"../../../Engine/Plugins/Animation/ControlRig/Content/Controls/ControlRig_Box_3mm.uasset" 3009
"../../../Engine/Plugins/Animation/ControlRig/Content/Controls/ControlRig_Box_1mm.uasset" 3010
"../../../Engine/Plugins/Animation/ControlRig/Content/Controls/ControlRig_Arrow_solid.uasset" 3011
"../../../Engine/Plugins/Animation/ControlRig/Content/Controls/ControlRig_Arrow_3mm.uasset" 3012
"../../../Engine/Plugins/Animation/ControlRig/Content/Controls/ControlRig_Arrow_1mm.uasset" 3013
"../../../Engine/Plugins/Animation/ControlRig/Content/Controls/ControlRig_Arrow4_solid.uasset" 3014
"../../../Engine/Plugins/Animation/ControlRig/Content/Controls/ControlRig_Arrow4_3mm.uasset" 3015
"../../../Engine/Plugins/Animation/ControlRig/Content/Controls/ControlRig_Arrow4_1mm.uasset" 3016
"../../../Engine/Plugins/Animation/ControlRig/Content/Controls/ControlRig_Arrow2_solid.uasset" 3017
"../../../Engine/Plugins/Animation/ControlRig/Content/Controls/ControlRig_Arrow2_3mm.uasset" 3018
"../../../Engine/Plugins/Animation/ControlRig/Content/Controls/ControlRig_Arrow2_1mm.uasset" 3019
"C:/Users/James Robertson/Documents/Unreal Projects/AT_UE5_OWLS/Content/ThirdPerson/Maps/ThirdPersonMap.umap" 3020
"../../../Engine/Plugins/Animation/ControlRig/Content/Controls/ControlRig_Sphere_solid.uasset" 3021
"../../../Engine/Plugins/Interchange/Runtime/Content/gltf/MaterialFunctions/MF_Transmission.uasset" 3022
"../../../Engine/Plugins/Interchange/Runtime/Content/gltf/MaterialFunctions/MF_Specular.uasset" 3023
"../../../Engine/Plugins/Interchange/Runtime/Content/gltf/MaterialFunctions/MF_Sheen.uasset" 3024
"../../../Engine/Plugins/Interchange/Runtime/Content/gltf/MaterialFunctions/MF_Occlusion.uasset" 3025
"../../../Engine/Plugins/Interchange/Runtime/Content/gltf/MaterialFunctions/MF_MetallicRoughness.uasset" 3026
"../../Plugins/Animation/ControlRig/Content/Controls/ControlRig_Sphere_1mm.uasset" 3027
"../../Plugins/Animation/ControlRig/Content/Controls/ControlRig_RoundedTriangle_solid.uasset" 3028
"../../Plugins/Animation/ControlRig/Content/Controls/ControlRig_RoundedTriangle_3mm.uasset" 3029
"../../Plugins/Animation/ControlRig/Content/Controls/ControlRig_RoundedTriangle_1mm.uasset" 3030
"../../Plugins/Animation/ControlRig/Content/Controls/ControlRig_RoundedSquare_solid.uasset" 3031
"../../Plugins/Animation/ControlRig/Content/Controls/ControlRig_RoundedSquare_3mm.uasset" 3032
"../../Plugins/Animation/ControlRig/Content/Controls/ControlRig_RoundedSquare_1mm.uasset" 3033
"../../Plugins/Animation/ControlRig/Content/Controls/ControlRig_QuarterCircle_solid.uasset" 3034
"../../Plugins/Animation/ControlRig/Content/Controls/ControlRig_QuarterCircle_3mm.uasset" 3035
"../../Plugins/Animation/ControlRig/Content/Controls/ControlRig_QuarterCircle_1mm.uasset" 3036
"../../Plugins/Animation/ControlRig/Content/Controls/ControlRig_Pyramid_solid.uasset" 3037
"../../Plugins/Animation/ControlRig/Content/Controls/ControlRig_Pyramid_3mm.uasset" 3038
"../../Plugins/Animation/ControlRig/Content/Controls/ControlRig_Pyramid_1mm.uasset" 3039
"../../Plugins/Animation/ControlRig/Content/Controls/ControlRig_Octagon_solid.uasset" 3040
"../../Plugins/Animation/ControlRig/Content/Controls/ControlRig_Octagon_3mm.uasset" 3041
"../../Plugins/Animation/ControlRig/Content/Controls/ControlRig_Octagon_1mm.uasset" 3042
"../../Plugins/Animation/ControlRig/Content/Controls/ControlRig_Hexagon_solid.uasset" 3043
"../../Plugins/Animation/ControlRig/Content/Controls/ControlRig_Hexagon_3mm.uasset" 3044
"../../Plugins/Animation/ControlRig/Content/Controls/ControlRig_Hexagon_1mm.uasset" 3045
"../../Plugins/Animation/ControlRig/Content/Controls/ControlRig_HalfCircle_solid.uasset" 3046
"../../Plugins/Animation/ControlRig/Content/Controls/ControlRig_HalfCircle_3mm.uasset" 3047
"../../Plugins/Animation/ControlRig/Content/Controls/ControlRig_HalfCircle_1mm.uasset" 3048
"../../Plugins/Animation/ControlRig/Content/Controls/ControlRig_Diamond_solid.uasset" 3049
"../../Plugins/Animation/ControlRig/Content/Controls/ControlRig_Diamond_3mm.uasset" 3050
"../../Plugins/Animation/ControlRig/Content/Controls/ControlRig_Diamond_1mm.uasset" 3051
"../../Plugins/Animation/ControlRig/Content/Controls/ControlRig_Circle_solid.uasset" 3052
"../../Plugins/Animation/ControlRig/Content/Controls/ControlRig_Circle_3mm.uasset" 3053
"../../Plugins/Animation/ControlRig/Content/Controls/ControlRig_Circle_1mm.uasset" 3054
"../../Plugins/Animation/ControlRig/Content/Controls/ControlRig_Box_solid.uasset" 3055
"../../Plugins/Animation/ControlRig/Content/Controls/ControlRig_Box_3mm.uasset" 3056
"../../Plugins/Animation/ControlRig/Content/Controls/ControlRig_Box_1mm.uasset" 3057
"../../Plugins/Animation/ControlRig/Content/Controls/ControlRig_Arrow_solid.uasset" 3058
"../../../Engine/Plugins/Interchange/Runtime/Content/gltf/MaterialFunctions/MF_Emissive.uasset" 3059
"../../../Engine/Plugins/Interchange/Runtime/Content/gltf/MaterialFunctions/MF_DiffuseSpecGloss.uasset" 3060
"../../../Engine/Plugins/Interchange/Runtime/Content/gltf/MaterialFunctions/MF_BaseColor.uasset" 3061
"../../../Engine/Plugins/Interchange/Runtime/Content/Materials/PBRSurfaceFunction.uasset" 3062
"../../../Engine/Plugins/Interchange/Runtime/Content/Materials/LambertSurfaceMaterial.uasset" 3063
"../../../Engine/Plugins/Interchange/Runtime/Content/gltf/MaterialFunctions/MF_SpecGlossToMetalRoughness.uasset" 3064
"../../../Engine/Plugins/Interchange/Runtime/Content/Functions/MX_Transmission.uasset" 3065
"../../../Engine/Plugins/Interchange/Runtime/Content/Materials/OrenNayerMaterial.uasset" 3066
"../../../Engine/Plugins/Interchange/Runtime/Content/gltf/MaterialFunctions/MF_Normals.uasset" 3067
"../../../Engine/Plugins/Interchange/Runtime/Content/Functions/MX_StandardSurface.uasset" 3068
"../../../Engine/Content/Maps/Templates/HLODs/HLODLayer_Instanced.uasset" 3069
"../../../../../../Users/James Robertson/Documents/Unreal Projects/AT_UE5_OWLS/Content/__ExternalActors__/ThirdPerson/Maps/ThirdPersonMap/0/43/HYQWORMY4JDQ5X3OKZXFLC.uasset" 3070
"../../../../../../Users/James Robertson/Documents/Unreal Projects/AT_UE5_OWLS/Content/ThirdPerson/Maps/ThirdPersonMap.umap" 3071
"../../../Engine/Plugins/Interchange/Runtime/Content/gltf/MaterialFunctions/MF_Clearcoat.uasset" 3072
"../../../Engine/Plugins/Interchange/Runtime/Content/gltf/M_Unlit.uasset" 3073
"../../Plugins/Animation/ControlRig/Content/Controls/ControlRig_Arrow_3mm.uasset" 3074
"../../Plugins/Animation/ControlRig/Content/Controls/ControlRig_Arrow_1mm.uasset" 3075
"../../Plugins/Animation/ControlRig/Content/Controls/ControlRig_Arrow4_solid.uasset" 3076
"../../Plugins/Animation/ControlRig/Content/Controls/ControlRig_Arrow4_3mm.uasset" 3077
"../../Plugins/Animation/ControlRig/Content/Controls/ControlRig_Arrow4_1mm.uasset" 3078
"../../Plugins/Animation/ControlRig/Content/Controls/ControlRig_Arrow2_solid.uasset" 3079
"../../Plugins/Animation/ControlRig/Content/Controls/ControlRig_Arrow2_3mm.uasset" 3080
"../../Plugins/Animation/ControlRig/Content/Controls/ControlRig_Arrow2_1mm.uasset" 3081
"../../Plugins/Animation/ControlRig/Content/Controls/ControlRig_Sphere_solid.uasset" 3082
"../../../../../../Users/James Robertson/Documents/Unreal Projects/AT_UE5_OWLS/Content/__ExternalActors__/ThirdPerson/Maps/ThirdPersonMap/1/AZ/A7GPT109Y6ZTTJD4A7TXER.uasset" 3083
"../../../../../../Users/James Robertson/Documents/Unreal Projects/AT_UE5_OWLS/Content/__ExternalActors__/ThirdPerson/Maps/ThirdPersonMap/1/EC/5E0W4XJAI9G5I0CBGAO1J1.uasset" 3084
"../../../../../../Users/James Robertson/Documents/Unreal Projects/AT_UE5_OWLS/Content/MyGreedyChunk.uasset" 3085
"../../../../../../Users/James Robertson/Documents/Unreal Projects/AT_UE5_OWLS/Content/__ExternalActors__/ThirdPerson/Maps/ThirdPersonMap/1/EJ/PGUWWHRTS59S34GKBX0OUI.uasset" 3086
"../../../../../../Users/James Robertson/Documents/Unreal Projects/AT_UE5_OWLS/Content/__ExternalActors__/ThirdPerson/Maps/ThirdPersonMap/1/WU/NB37RT5Q32Z8MJWD8BD2SO.uasset" 3087
"../../../../../../Users/James Robertson/Documents/Unreal Projects/AT_UE5_OWLS/Content/__ExternalActors__/ThirdPerson/Maps/ThirdPersonMap/2/66/0OP5U85W4H0R7CHG999ZDN.uasset" 3088
"../../../../../../Users/James Robertson/Documents/Unreal Projects/AT_UE5_OWLS/Content/__ExternalActors__/ThirdPerson/Maps/ThirdPersonMap/6/NP/Z9EK2TXQ1TFO26WFZHWZII.uasset" 3089
"../../../../../../Users/James Robertson/Documents/Unreal Projects/AT_UE5_OWLS/Content/__ExternalActors__/ThirdPerson/Maps/ThirdPersonMap/8/H9/GITN2HJQNERMM41FAE68W0.uasset" 3090
"../../../../../../Users/James Robertson/Documents/Unreal Projects/AT_UE5_OWLS/Content/__ExternalActors__/ThirdPerson/Maps/ThirdPersonMap/B/KW/9YH18EUCJFK5CZXL6H3W3R.uasset" 3091
"../../../../../../Users/James Robertson/Documents/Unreal Projects/AT_UE5_OWLS/Content/__ExternalActors__/ThirdPerson/Maps/ThirdPersonMap/D/DE/SWSI13675DVYIZ0N4NF7Y3.uasset" 3092
"../../../Engine/Content/EditorResources/EmptyActor.uasset" 3093
"C:/Users/James Robertson/AppData/Local/UnrealEngine/Common/DerivedDataCache/Buckets/BulkDataList/07/f5/d8ad838b17e05da746eee43cceee51b1e993.udd" 3094
"../../../Engine/Plugins/Interchange/Runtime/Content/Materials/ThinTranslucentMaterial.uasset" 3095
"../../../Engine/Plugins/Interchange/Runtime/Content/Materials/SubsurfaceMaterial.uasset" 3096
"../../../Engine/Plugins/Interchange/Runtime/Content/Materials/SheenMaterial.uasset" 3097
"../../../Engine/Plugins/Interchange/Runtime/Content/Materials/PBRSurfaceMaterial.uasset" 3098
"../../../Engine/Plugins/Interchange/Runtime/Content/Materials/ClearCoatMaterial.uasset" 3099
"../../../Engine/Plugins/Interchange/Runtime/Content/Functions/MX_TransmissionSurface.uasset" 3100
"../../../Engine/Plugins/Interchange/Runtime/Content/gltf/M_Transmission.uasset" 3101
"../../../Engine/Plugins/Interchange/Runtime/Content/gltf/M_Sheen.uasset" 3102
"../../../Engine/Plugins/Interchange/Runtime/Content/gltf/M_Translucent.uasset" 3103
"../../../Engine/Plugins/Interchange/Runtime/Content/gltf/M_Opaque.uasset" 3104
"C:/Users/James Robertson/Documents/Unreal Projects/AT_UE5_OWLS/Content/Characters/Mannequins/Materials/Instances/Manny/MI_Manny_01.uasset" 3105
"../../../Engine/Plugins/Interchange/Runtime/Content/gltf/MaterialInstances_MR/MI_Opaque_Unlit_TS.uasset" 3106
"../../../Engine/Plugins/Interchange/Runtime/Content/gltf/MaterialInstances_MR/MI_Opaque_Unlit.uasset" 3107
"../../../Engine/Plugins/Interchange/Runtime/Content/gltf/MaterialInstances_MR/MI_Transmission_TS.uasset" 3108
"../../../Engine/Plugins/Interchange/Runtime/Content/gltf/MaterialInstances_MR/MI_Transmission.uasset" 3109
"../../../Engine/Plugins/Interchange/Runtime/Content/gltf/MaterialInstances_SG/MI_Transmission_TS.uasset" 3110
"../../../Engine/Plugins/Interchange/Runtime/Content/gltf/MaterialInstances_SG/MI_Transmission.uasset" 3111
"../../../Engine/Plugins/Interchange/Runtime/Content/gltf/MaterialInstances_MR/MI_Opaque_Sheen_TS.uasset" 3112
"../../../Engine/Plugins/Interchange/Runtime/Content/gltf/MaterialInstances_MR/MI_Opaque_Sheen.uasset" 3113
"../../../Engine/Plugins/Interchange/Runtime/Content/gltf/MaterialInstances_SG/MI_Opaque_Sheen_TS.uasset" 3114
"../../../Engine/Plugins/Interchange/Runtime/Content/gltf/MaterialInstances_SG/MI_Opaque_Sheen.uasset" 3115
"../../../Engine/Plugins/Interchange/Runtime/Content/gltf/MaterialInstances_MR/MI_Translucent_TS.uasset" 3116
"../../../Engine/Plugins/Interchange/Runtime/Content/gltf/MaterialInstances_MR/MI_Translucent_ClearCoat_TS.uasset" 3117
"../../../Engine/Plugins/Interchange/Runtime/Content/gltf/MaterialInstances_MR/MI_Translucent_ClearCoat.uasset" 3118
"../../../Engine/Plugins/Interchange/Runtime/Content/gltf/MaterialInstances_MR/MI_Translucent.uasset" 3119
"../../../Engine/Plugins/Interchange/Runtime/Content/gltf/MaterialInstances_SG/MI_Translucent_TS.uasset" 3120
"C:/Users/James Robertson/AppData/Local/UnrealEngine/Common/DerivedDataCache/Buckets/MaterialShaderMap/3a/b7/02a1fc36342beff31bbdd1e98643bd9c8b0c.udd" 3121
"../../../Engine/Plugins/Interchange/Runtime/Content/gltf/MaterialInstances_SG/MI_Translucent_ClearCoat_TS.uasset" 3122
"../../../Engine/Plugins/Interchange/Runtime/Content/gltf/MaterialInstances_SG/MI_Translucent_ClearCoat.uasset" 3123
"../../../Engine/Plugins/Interchange/Runtime/Content/gltf/MaterialInstances_SG/MI_Translucent.uasset" 3124
"../../../Engine/Plugins/Interchange/Runtime/Content/gltf/MaterialInstances_MR/MI_Opaque_TS.uasset" 3125
"../../../Engine/Plugins/Interchange/Runtime/Content/gltf/MaterialInstances_MR/MI_Opaque_ClearCoat_TS.uasset" 3126
"../../../Engine/Plugins/Interchange/Runtime/Content/gltf/MaterialInstances_MR/MI_Opaque_ClearCoat.uasset" 3127
"../../../Engine/Plugins/Interchange/Runtime/Content/gltf/MaterialInstances_MR/MI_Opaque.uasset" 3128
"../../../Engine/Plugins/Interchange/Runtime/Content/gltf/MaterialInstances_SG/MI_Opaque_TS.uasset" 3129
"../../../Engine/Plugins/Interchange/Runtime/Content/gltf/MaterialInstances_SG/MI_Opaque_ClearCoat_TS.uasset" 3130
"../../../Engine/Plugins/Interchange/Runtime/Content/gltf/MaterialInstances_SG/MI_Opaque_ClearCoat.uasset" 3131
"../../../Engine/Plugins/Interchange/Runtime/Content/gltf/MaterialInstances_SG/MI_Opaque.uasset" 3132
"../../../Engine/Content/EngineSounds/Submixes/MasterEQSubmixDefault.uasset" 3133
"C:/Users/James Robertson/Documents/Unreal Projects/AT_UE5_OWLS/Content/Characters/Mannequins/Materials/Instances/Manny/MI_Manny_02.uasset" 3134
"../../../Engine/Content/EngineSounds/Submixes/MasterSubmixDefault.uasset" 3135
"C:/Users/James Robertson/Documents/Unreal Projects/AT_UE5_OWLS/Content/Characters/Mannequins/Meshes/SKM_Manny_Simple.uasset" 3136
"../../../Engine/Content/EngineSounds/Submixes/MasterReverbSubmixDefault.uasset" 3137
"../../../../../../Users/James Robertson/Documents/Unreal Projects/AT_UE5_OWLS/Content/Characters/Mannequins/Meshes/SKM_Manny_Simple.uasset" 3138
"../../../Engine/Content/Maps/Templates/HLODs/HLODLayer_Merged.uasset" 3139
